building_id,area_m2,perimeter_m,floors,damage_level,access_index,zoning_category,building_type,action,q_ij,labor_hours,concrete_m3,steel_tons,equipment_hours
10001,1652.3829673495477,165.84677341910492,2,0.372,0.8012747303724277,industrial,industrial,repair,1,9079.462,68.096,4.54,45.397
10001,1652.3829673495477,165.84677341910492,2,0.372,0.8012747303724277,industrial,industrial,rebuild,1,27238.387,567.466,34.048,226.987
10001,1652.3829673495477,165.84677341910492,2,0.372,0.8012747303724277,industrial,industrial,demolish,0,4539.731,0.0,0.0,181.589
10001,1652.3829673495477,165.84677341910492,2,0.372,0.8012747303724277,industrial,industrial,defer,1,0.0,0.0,0.0,0.0
10002,3531.360177733285,239.01846494116884,6,0.23,0.8553979154928926,commercial,commercial,repair,1,19421.552,145.662,9.711,97.108
10002,3531.360177733285,239.01846494116884,6,0.23,0.8553979154928926,commercial,commercial,rebuild,1,58264.657,1213.847,72.831,485.539
10002,3531.360177733285,239.01846494116884,6,0.23,0.8553979154928926,commercial,commercial,demolish,0,9710.776,0.0,0.0,388.431
10002,3531.360177733285,239.01846494116884,6,0.23,0.8553979154928926,commercial,commercial,defer,1,0.0,0.0,0.0,0.0
10003,535.364476559373,96.61621719151927,1,0.158,0.8618457857263513,public,cultural,repair,1,2519.278,18.895,1.26,12.596
10003,535.364476559373,96.61621719151927,1,0.158,0.8618457857263513,public,cultural,rebuild,1,7557.835,157.455,9.447,62.982
10003,535.364476559373,96.61621719151927,1,0.158,0.8618457857263513,public,cultural,demolish,0,1259.639,0.0,0.0,50.386
10003,535.364476559373,96.61621719151927,1,0.158,0.8618457857263513,public,cultural,defer,1,0.0,0.0,0.0,0.0
10004,177.81198967938826,54.407446019286226,4,0.167,0.9973782944329502,mixed_use,residential,repair,1,861.556,6.462,0.431,4.308
10004,177.81198967938826,54.407446019286226,4,0.167,0.9973782944329502,mixed_use,residential,rebuild,1,2584.669,53.847,3.231,21.539
10004,177.81198967938826,54.407446019286226,4,0.167,0.9973782944329502,mixed_use,residential,demolish,0,430.778,0.0,0.0,17.231
10004,177.81198967938826,54.407446019286226,4,0.167,0.9973782944329502,mixed_use,residential,defer,1,0.0,0.0,0.0,0.0
10005,3575.0314825138644,239.6999271180408,3,0.666,0.8971748784194744,commercial,commercial,repair,1,22289.859,167.174,11.145,111.449
10005,3575.0314825138644,239.6999271180408,3,0.666,0.8971748784194744,commercial,commercial,rebuild,1,66869.576,1393.116,83.587,557.246
10005,3575.0314825138644,239.6999271180408,3,0.666,0.8971748784194744,commercial,commercial,demolish,1,11144.929,0.0,0.0,445.797
10005,3575.0314825138644,239.6999271180408,3,0.666,0.8971748784194744,commercial,commercial,defer,1,0.0,0.0,0.0,0.0
10006,663.7022652839112,103.51571497113206,1,0.662,1.0,residential,residential,repair,1,3802.032,28.515,1.901,19.01
10006,663.7022652839112,103.51571497113206,1,0.662,1.0,residential,residential,rebuild,1,11406.095,237.627,14.258,95.051
10006,663.7022652839112,103.51571497113206,1,0.662,1.0,residential,residential,demolish,1,1901.016,0.0,0.0,76.041
10006,663.7022652839112,103.51571497113206,1,0.662,1.0,residential,residential,defer,1,0.0,0.0,0.0,0.0
10007,394.2056399058067,79.88937717505353,2,0.771,0.8869128155249509,mixed_use,residential,repair,1,2517.421,18.881,1.259,12.587
10007,394.2056399058067,79.88937717505353,2,0.771,0.8869128155249509,mixed_use,residential,rebuild,1,7552.263,157.339,9.44,62.936
10007,394.2056399058067,79.88937717505353,2,0.771,0.8869128155249509,mixed_use,residential,demolish,1,1258.71,0.0,0.0,50.348
10007,394.2056399058067,79.88937717505353,2,0.771,0.8869128155249509,mixed_use,residential,defer,1,0.0,0.0,0.0,0.0
10008,376.4782688522358,77.62053604817774,5,0.166,0.7973577572126439,mixed_use,residential,repair,1,1995.015,14.963,0.998,9.975
10008,376.4782688522358,77.62053604817774,5,0.166,0.7973577572126439,mixed_use,residential,rebuild,1,5985.044,124.688,7.481,49.875
10008,376.4782688522358,77.62053604817774,5,0.166,0.7973577572126439,mixed_use,residential,demolish,0,997.507,0.0,0.0,39.9
10008,376.4782688522358,77.62053604817774,5,0.166,0.7973577572126439,mixed_use,residential,defer,1,0.0,0.0,0.0,0.0
10009,3894.449621667649,256.4344626181374,6,0.304,0.8766474526312389,mixed_use,public,repair,1,22096.569,165.724,11.048,110.483
10009,3894.449621667649,256.4344626181374,6,0.304,0.8766474526312389,mixed_use,public,rebuild,1,66289.707,1381.036,82.862,552.414
10009,3894.449621667649,256.4344626181374,6,0.304,0.8766474526312389,mixed_use,public,demolish,0,11048.284,0.0,0.0,441.931
10009,3894.449621667649,256.4344626181374,6,0.304,0.8766474526312389,mixed_use,public,defer,1,0.0,0.0,0.0,0.0
10010,391.81565712750614,87.65071988835756,8,0.087,0.9185908047234884,mixed_use,residential,repair,1,2035.273,15.265,1.018,10.176
10010,391.81565712750614,87.65071988835756,8,0.087,0.9185908047234884,mixed_use,residential,rebuild,1,6105.82,127.205,7.632,50.882
10010,391.81565712750614,87.65071988835756,8,0.087,0.9185908047234884,mixed_use,residential,demolish,0,1017.637,0.0,0.0,40.705
10010,391.81565712750614,87.65071988835756,8,0.087,0.9185908047234884,mixed_use,residential,defer,1,0.0,0.0,0.0,0.0
10011,4057.415525240668,255.0806043245251,4,0.243,1.0,mixed_use,commercial,repair,1,20455.542,153.417,10.228,102.278
10011,4057.415525240668,255.0806043245251,4,0.243,1.0,mixed_use,commercial,rebuild,1,61366.625,1278.471,76.708,511.389
10011,4057.415525240668,255.0806043245251,4,0.243,1.0,mixed_use,commercial,demolish,0,10227.771,0.0,0.0,409.111
10011,4057.415525240668,255.0806043245251,4,0.243,1.0,mixed_use,commercial,defer,1,0.0,0.0,0.0,0.0
10012,224.18551756787627,71.91251344808758,5,0.537,0.9200304499947086,residential,residential,repair,1,1371.216,10.284,0.686,6.856
10012,224.18551756787627,71.91251344808758,5,0.537,0.9200304499947086,residential,residential,rebuild,1,4113.648,85.701,5.142,34.28
10012,224.18551756787627,71.91251344808758,5,0.537,0.9200304499947086,residential,residential,demolish,1,685.608,0.0,0.0,27.424
10012,224.18551756787627,71.91251344808758,5,0.537,0.9200304499947086,residential,residential,defer,1,0.0,0.0,0.0,0.0
10013,572.5261509367078,95.94503812597101,5,0.418,0.9053989629559748,mixed_use,residential,repair,1,3329.22,24.969,1.665,16.646
10013,572.5261509367078,95.94503812597101,5,0.418,0.9053989629559748,mixed_use,residential,rebuild,1,9987.659,208.076,12.485,83.23
10013,572.5261509367078,95.94503812597101,5,0.418,0.9053989629559748,mixed_use,residential,demolish,0,1664.61,0.0,0.0,66.584
10013,572.5261509367078,95.94503812597101,5,0.418,0.9053989629559748,mixed_use,residential,defer,1,0.0,0.0,0.0,0.0
10014,266.3414027252145,72.98748614216498,3,0.511,1.0,residential,residential,repair,1,1496.407,11.223,0.748,7.482
10014,266.3414027252145,72.98748614216498,3,0.511,1.0,residential,residential,rebuild,1,4489.222,93.525,5.612,37.41
10014,266.3414027252145,72.98748614216498,3,0.511,1.0,residential,residential,demolish,1,748.204,0.0,0.0,29.928
10014,266.3414027252145,72.98748614216498,3,0.511,1.0,residential,residential,defer,1,0.0,0.0,0.0,0.0
10015,1385.128289881111,148.94146447123066,3,0.483,0.879007467276629,mixed_use,public,repair,1,8007.433,60.056,4.004,40.037
10015,1385.128289881111,148.94146447123066,3,0.483,0.879007467276629,mixed_use,public,rebuild,1,24022.299,500.465,30.028,200.186
10015,1385.128289881111,148.94146447123066,3,0.483,0.879007467276629,mixed_use,public,demolish,0,4003.716,0.0,0.0,160.149
10015,1385.128289881111,148.94146447123066,3,0.483,0.879007467276629,mixed_use,public,defer,1,0.0,0.0,0.0,0.0
10016,3670.789172754866,243.36861989643575,2,0.476,0.9952865040932578,historical,cultural,repair,1,19853.198,148.899,9.927,99.266
10016,3670.789172754866,243.36861989643575,2,0.476,0.9952865040932578,historical,cultural,rebuild,1,59559.594,1240.825,74.449,496.33
10016,3670.789172754866,243.36861989643575,2,0.476,0.9952865040932578,historical,cultural,demolish,0,9926.599,0.0,0.0,397.064
10016,3670.789172754866,243.36861989643575,2,0.476,0.9952865040932578,historical,cultural,defer,1,0.0,0.0,0.0,0.0
10017,7034.748676859446,379.5593411259123,1,0.557,0.9319680098100285,industrial,industrial,repair,1,39397.916,295.484,19.699,196.99
10017,7034.748676859446,379.5593411259123,1,0.557,0.9319680098100285,industrial,industrial,rebuild,1,118193.749,2462.37,147.742,984.948
10017,7034.748676859446,379.5593411259123,1,0.557,0.9319680098100285,industrial,industrial,demolish,1,19698.958,0.0,0.0,787.958
10017,7034.748676859446,379.5593411259123,1,0.557,0.9319680098100285,industrial,industrial,defer,1,0.0,0.0,0.0,0.0
10018,702.2057261394307,108.64855158832893,4,0.309,1.0,mixed_use,residential,repair,1,3662.537,27.469,1.831,18.313
10018,702.2057261394307,108.64855158832893,4,0.309,1.0,mixed_use,residential,rebuild,1,10987.61,228.909,13.735,91.563
10018,702.2057261394307,108.64855158832893,4,0.309,1.0,mixed_use,residential,demolish,0,1831.268,0.0,0.0,73.251
10018,702.2057261394307,108.64855158832893,4,0.309,1.0,mixed_use,residential,defer,1,0.0,0.0,0.0,0.0
10019,250.52393189427264,73.88254159245291,1,0.343,0.9938412251396453,residential,residential,repair,1,1241.205,9.309,0.621,6.206
10019,250.52393189427264,73.88254159245291,1,0.343,0.9938412251396453,residential,residential,rebuild,1,3723.615,77.575,4.655,31.03
10019,250.52393189427264,73.88254159245291,1,0.343,0.9938412251396453,residential,residential,demolish,0,620.602,0.0,0.0,24.824
10019,250.52393189427264,73.88254159245291,1,0.343,0.9938412251396453,residential,residential,defer,1,0.0,0.0,0.0,0.0
10020,282.03005392956413,67.63912701969292,4,0.107,0.7769551986405675,residential,residential,repair,1,1423.694,10.678,0.712,7.118
10020,282.03005392956413,67.63912701969292,4,0.107,0.7769551986405675,residential,residential,rebuild,1,4271.081,88.981,5.339,35.592
10020,282.03005392956413,67.63912701969292,4,0.107,0.7769551986405675,residential,residential,demolish,0,711.847,0.0,0.0,28.474
10020,282.03005392956413,67.63912701969292,4,0.107,0.7769551986405675,residential,residential,defer,1,0.0,0.0,0.0,0.0
10021,621.8090166042685,100.1342927881269,4,0.849,0.7453767977453868,public,cultural,repair,0,4497.685,33.733,2.249,22.488
10021,621.8090166042685,100.1342927881269,4,0.849,0.7453767977453868,public,cultural,rebuild,1,13493.055,281.105,16.866,112.442
10021,621.8090166042685,100.1342927881269,4,0.849,0.7453767977453868,public,cultural,demolish,0,2248.842,0.0,0.0,89.954
10021,621.8090166042685,100.1342927881269,4,0.849,0.7453767977453868,public,cultural,defer,1,0.0,0.0,0.0,0.0
10022,487.93389865619133,98.50692067529782,2,0.5,0.9473801541351347,mixed_use,residential,repair,1,2713.184,20.349,1.357,13.566
10022,487.93389865619133,98.50692067529782,2,0.5,0.9473801541351347,mixed_use,residential,rebuild,1,8139.552,169.574,10.174,67.83
10022,487.93389865619133,98.50692067529782,2,0.5,0.9473801541351347,mixed_use,residential,demolish,0,1356.592,0.0,0.0,54.264
10022,487.93389865619133,98.50692067529782,2,0.5,0.9473801541351347,mixed_use,residential,defer,1,0.0,0.0,0.0,0.0
10023,5167.353323438761,321.4827248647184,1,0.474,0.8581854029837968,industrial,industrial,repair,1,28562.135,214.216,14.281,142.811
10023,5167.353323438761,321.4827248647184,1,0.474,0.8581854029837968,industrial,industrial,rebuild,1,85686.404,1785.133,107.108,714.053
10023,5167.353323438761,321.4827248647184,1,0.474,0.8581854029837968,industrial,industrial,demolish,0,14281.067,0.0,0.0,571.243
10023,5167.353323438761,321.4827248647184,1,0.474,0.8581854029837968,industrial,industrial,defer,1,0.0,0.0,0.0,0.0
10024,794.7275179198973,112.79588124860581,2,0.744,1.0,mixed_use,residential,repair,1,4827.874,36.209,2.414,24.139
10024,794.7275179198973,112.79588124860581,2,0.744,1.0,mixed_use,residential,rebuild,1,14483.623,301.742,18.105,120.697
10024,794.7275179198973,112.79588124860581,2,0.744,1.0,mixed_use,residential,demolish,1,2413.937,0.0,0.0,96.557
10024,794.7275179198973,112.79588124860581,2,0.744,1.0,mixed_use,residential,defer,1,0.0,0.0,0.0,0.0
10025,1401.717021815077,160.361958044153,1,0.3,0.48425458122860066,public,cultural,repair,1,8005.643,60.042,4.003,40.028
10025,1401.717021815077,160.361958044153,1,0.3,0.48425458122860066,public,cultural,rebuild,1,24016.929,500.353,30.021,200.141
10025,1401.717021815077,160.361958044153,1,0.3,0.48425458122860066,public,cultural,demolish,0,4002.821,0.0,0.0,160.113
10025,1401.717021815077,160.361958044153,1,0.3,0.48425458122860066,public,cultural,defer,1,0.0,0.0,0.0,0.0
10026,580.1265376924313,96.40907675274792,2,0.125,0.24429390300588694,mixed_use,residential,repair,1,3312.061,24.84,1.656,16.56
10026,580.1265376924313,96.40907675274792,2,0.125,0.24429390300588694,mixed_use,residential,rebuild,1,9936.183,207.004,12.42,82.802
10026,580.1265376924313,96.40907675274792,2,0.125,0.24429390300588694,mixed_use,residential,demolish,0,1656.031,0.0,0.0,66.241
10026,580.1265376924313,96.40907675274792,2,0.125,0.24429390300588694,mixed_use,residential,defer,1,0.0,0.0,0.0,0.0
10027,209.82817195703205,66.49460967971183,5,0.109,0.7157295467935016,mixed_use,residential,repair,1,1106.069,8.296,0.553,5.53
10027,209.82817195703205,66.49460967971183,5,0.109,0.7157295467935016,mixed_use,residential,rebuild,1,3318.206,69.129,4.148,27.652
10027,209.82817195703205,66.49460967971183,5,0.109,0.7157295467935016,mixed_use,residential,demolish,0,553.034,0.0,0.0,22.121
10027,209.82817195703205,66.49460967971183,5,0.109,0.7157295467935016,mixed_use,residential,defer,1,0.0,0.0,0.0,0.0
10028,1715.7745012786017,178.7390618964741,4,0.221,1.0,commercial,commercial,repair,1,8550.459,64.128,4.275,42.752
10028,1715.7745012786017,178.7390618964741,4,0.221,1.0,commercial,commercial,rebuild,1,25651.378,534.404,32.064,213.761
10028,1715.7745012786017,178.7390618964741,4,0.221,1.0,commercial,commercial,demolish,0,4275.23,0.0,0.0,171.009
10028,1715.7745012786017,178.7390618964741,4,0.221,1.0,commercial,commercial,defer,1,0.0,0.0,0.0,0.0
10029,6499.593775102629,332.0007703268593,1,0.323,1.0,industrial,industrial,repair,1,31812.782,238.596,15.906,159.064
10029,6499.593775102629,332.0007703268593,1,0.323,1.0,industrial,industrial,rebuild,1,95438.345,1988.299,119.298,795.32
10029,6499.593775102629,332.0007703268593,1,0.323,1.0,industrial,industrial,demolish,0,15906.391,0.0,0.0,636.256
10029,6499.593775102629,332.0007703268593,1,0.323,1.0,industrial,industrial,defer,1,0.0,0.0,0.0,0.0
10030,1169.425738280111,156.97183658387607,5,0.61,1.0,commercial,commercial,repair,1,7188.46,53.913,3.594,35.942
10030,1169.425738280111,156.97183658387607,5,0.61,1.0,commercial,commercial,rebuild,1,21565.38,449.279,26.957,179.712
10030,1169.425738280111,156.97183658387607,5,0.61,1.0,commercial,commercial,demolish,1,3594.23,0.0,0.0,143.769
10030,1169.425738280111,156.97183658387607,5,0.61,1.0,commercial,commercial,defer,1,0.0,0.0,0.0,0.0
10031,182.9681843046329,56.6366286998297,2,0.267,0.35708204091772777,residential,residential,repair,1,1092.198,8.191,0.546,5.461
10031,182.9681843046329,56.6366286998297,2,0.267,0.35708204091772777,residential,residential,rebuild,1,3276.594,68.262,4.096,27.305
10031,182.9681843046329,56.6366286998297,2,0.267,0.35708204091772777,residential,residential,demolish,0,546.099,0.0,0.0,21.844
10031,182.9681843046329,56.6366286998297,2,0.267,0.35708204091772777,residential,residential,defer,1,0.0,0.0,0.0,0.0
10032,4743.685853588745,276.3291260708327,2,0.501,0.6301220606430289,mixed_use,public,repair,1,29267.038,219.503,14.634,146.335
10032,4743.685853588745,276.3291260708327,2,0.501,0.6301220606430289,mixed_use,public,rebuild,1,87801.114,1829.19,109.751,731.676
10032,4743.685853588745,276.3291260708327,2,0.501,0.6301220606430289,mixed_use,public,demolish,1,14633.519,0.0,0.0,585.341
10032,4743.685853588745,276.3291260708327,2,0.501,0.6301220606430289,mixed_use,public,defer,1,0.0,0.0,0.0,0.0
10033,1881.930196664453,187.14363427829036,5,0.955,0.682623165249779,mixed_use,commercial,repair,0,14800.992,111.007,7.4,74.005
10033,1881.930196664453,187.14363427829036,5,0.955,0.682623165249779,mixed_use,commercial,rebuild,1,44402.975,925.062,55.504,370.025
10033,1881.930196664453,187.14363427829036,5,0.955,0.682623165249779,mixed_use,commercial,demolish,1,7400.496,0.0,0.0,296.02
10033,1881.930196664453,187.14363427829036,5,0.955,0.682623165249779,mixed_use,commercial,defer,1,0.0,0.0,0.0,0.0
10034,98.11415007414016,39.71503358013483,4,0.086,0.9504770112976021,residential,residential,repair,1,461.847,3.464,0.231,2.309
10034,98.11415007414016,39.71503358013483,4,0.086,0.9504770112976021,residential,residential,rebuild,1,1385.541,28.865,1.732,11.546
10034,98.11415007414016,39.71503358013483,4,0.086,0.9504770112976021,residential,residential,demolish,0,230.923,0.0,0.0,9.237
10034,98.11415007414016,39.71503358013483,4,0.086,0.9504770112976021,residential,residential,defer,1,0.0,0.0,0.0,0.0
10035,441.9520223091054,84.33705843718712,7,0.891,0.37590251889319803,mixed_use,residential,repair,0,3883.92,29.129,1.942,19.42
10035,441.9520223091054,84.33705843718712,7,0.891,0.37590251889319803,mixed_use,residential,rebuild,1,11651.759,242.745,14.565,97.098
10035,441.9520223091054,84.33705843718712,7,0.891,0.37590251889319803,mixed_use,residential,demolish,1,1941.96,0.0,0.0,77.678
10035,441.9520223091054,84.33705843718712,7,0.891,0.37590251889319803,mixed_use,residential,defer,1,0.0,0.0,0.0,0.0
10036,385.28221934933873,89.74346104288529,4,0.186,0.1630418606176095,residential,residential,repair,1,2436.447,18.273,1.218,12.182
10036,385.28221934933873,89.74346104288529,4,0.186,0.1630418606176095,residential,residential,rebuild,1,7309.341,152.278,9.137,60.911
10036,385.28221934933873,89.74346104288529,4,0.186,0.1630418606176095,residential,residential,demolish,0,1218.224,0.0,0.0,48.729
10036,385.28221934933873,89.74346104288529,4,0.186,0.1630418606176095,residential,residential,defer,1,0.0,0.0,0.0,0.0
10037,2616.5156438942804,204.92897402591063,3,0.072,0.7282467542240748,historical,cultural,repair,1,12853.416,96.401,6.427,64.267
10037,2616.5156438942804,204.92897402591063,3,0.072,0.7282467542240748,historical,cultural,rebuild,1,38560.247,803.338,48.2,321.335
10037,2616.5156438942804,204.92897402591063,3,0.072,0.7282467542240748,historical,cultural,demolish,0,6426.708,0.0,0.0,257.068
10037,2616.5156438942804,204.92897402591063,3,0.072,0.7282467542240748,historical,cultural,defer,1,0.0,0.0,0.0,0.0
10038,489.2990476575702,94.32184308133803,7,0.414,1.0,mixed_use,residential,repair,1,2870.952,21.532,1.435,14.355
10038,489.2990476575702,94.32184308133803,7,0.414,1.0,mixed_use,residential,rebuild,1,8612.857,179.435,10.766,71.774
10038,489.2990476575702,94.32184308133803,7,0.414,1.0,mixed_use,residential,demolish,0,1435.476,0.0,0.0,57.419
10038,489.2990476575702,94.32184308133803,7,0.414,1.0,mixed_use,residential,defer,1,0.0,0.0,0.0,0.0
10039,1579.5303567109258,162.81707247586846,3,0.45,0.5516814258347076,historical,cultural,repair,1,9979.305,74.845,4.99,49.897
10039,1579.5303567109258,162.81707247586846,3,0.45,0.5516814258347076,historical,cultural,rebuild,1,29937.915,623.707,37.422,249.483
10039,1579.5303567109258,162.81707247586846,3,0.45,0.5516814258347076,historical,cultural,demolish,0,4989.652,0.0,0.0,199.586
10039,1579.5303567109258,162.81707247586846,3,0.45,0.5516814258347076,historical,cultural,defer,1,0.0,0.0,0.0,0.0
10040,611.3607948319658,99.39455772927673,1,0.547,0.40017076868968326,mixed_use,residential,repair,1,4028.18,30.211,2.014,20.141
10040,611.3607948319658,99.39455772927673,1,0.547,0.40017076868968326,mixed_use,residential,rebuild,1,12084.539,251.761,15.106,100.704
10040,611.3607948319658,99.39455772927673,1,0.547,0.40017076868968326,mixed_use,residential,demolish,1,2014.09,0.0,0.0,80.564
10040,611.3607948319658,99.39455772927673,1,0.547,0.40017076868968326,mixed_use,residential,defer,1,0.0,0.0,0.0,0.0
10041,694.8557153812623,107.01642184886134,2,0.495,0.6062214219751689,residential,residential,repair,1,4306.837,32.301,2.153,21.534
10041,694.8557153812623,107.01642184886134,2,0.495,0.6062214219751689,residential,residential,rebuild,1,12920.511,269.177,16.151,107.671
10041,694.8557153812623,107.01642184886134,2,0.495,0.6062214219751689,residential,residential,demolish,0,2153.418,0.0,0.0,86.137
10041,694.8557153812623,107.01642184886134,2,0.495,0.6062214219751689,residential,residential,defer,1,0.0,0.0,0.0,0.0
10042,2275.5261770570405,190.81074024609228,4,0.124,0.7183297048647739,mixed_use,commercial,repair,1,11817.729,88.633,5.909,59.089
10042,2275.5261770570405,190.81074024609228,4,0.124,0.7183297048647739,mixed_use,commercial,rebuild,1,35453.186,738.608,44.316,295.443
10042,2275.5261770570405,190.81074024609228,4,0.124,0.7183297048647739,mixed_use,commercial,demolish,0,5908.864,0.0,0.0,236.355
10042,2275.5261770570405,190.81074024609228,4,0.124,0.7183297048647739,mixed_use,commercial,defer,1,0.0,0.0,0.0,0.0
10043,991.9667066605632,126.13810739013718,2,0.398,0.7527783788814695,mixed_use,residential,repair,1,5607.746,42.058,2.804,28.039
10043,991.9667066605632,126.13810739013718,2,0.398,0.7527783788814695,mixed_use,residential,rebuild,1,16823.238,350.484,21.029,140.194
10043,991.9667066605632,126.13810739013718,2,0.398,0.7527783788814695,mixed_use,residential,demolish,0,2803.873,0.0,0.0,112.155
10043,991.9667066605632,126.13810739013718,2,0.398,0.7527783788814695,mixed_use,residential,defer,1,0.0,0.0,0.0,0.0
10044,619.767846066949,99.648783346743,3,0.189,0.9689144501180021,residential,residential,repair,1,2999.496,22.496,1.5,14.997
10044,619.767846066949,99.648783346743,3,0.189,0.9689144501180021,residential,residential,rebuild,1,8998.488,187.469,11.248,74.987
10044,619.767846066949,99.648783346743,3,0.189,0.9689144501180021,residential,residential,demolish,0,1499.748,0.0,0.0,59.99
10044,619.767846066949,99.648783346743,3,0.189,0.9689144501180021,residential,residential,defer,1,0.0,0.0,0.0,0.0
10045,222.1648782707004,61.38787993683749,1,0.769,0.654401958754842,residential,residential,repair,1,1492.17,11.191,0.746,7.461
10045,222.1648782707004,61.38787993683749,1,0.769,0.654401958754842,residential,residential,rebuild,1,4476.509,93.261,5.596,37.304
10045,222.1648782707004,61.38787993683749,1,0.769,0.654401958754842,residential,residential,demolish,1,746.085,0.0,0.0,29.843
10045,222.1648782707004,61.38787993683749,1,0.769,0.654401958754842,residential,residential,defer,1,0.0,0.0,0.0,0.0
10046,315.05180483442007,81.76898899690117,8,0.189,0.637967313943778,mixed_use,residential,repair,1,1897.086,14.228,0.949,9.485
10046,315.05180483442007,81.76898899690117,8,0.189,0.637967313943778,mixed_use,residential,rebuild,1,5691.259,118.568,7.114,47.427
10046,315.05180483442007,81.76898899690117,8,0.189,0.637967313943778,mixed_use,residential,demolish,0,948.543,0.0,0.0,37.942
10046,315.05180483442007,81.76898899690117,8,0.189,0.637967313943778,mixed_use,residential,defer,1,0.0,0.0,0.0,0.0
10047,1727.7268641587416,166.39069948682982,6,0.266,0.8348671707394881,mixed_use,commercial,repair,1,9748.622,73.115,4.874,48.743
10047,1727.7268641587416,166.39069948682982,6,0.266,0.8348671707394881,mixed_use,commercial,rebuild,1,29245.867,609.289,36.557,243.716
10047,1727.7268641587416,166.39069948682982,6,0.266,0.8348671707394881,mixed_use,commercial,demolish,0,4874.311,0.0,0.0,194.972
10047,1727.7268641587416,166.39069948682982,6,0.266,0.8348671707394881,mixed_use,commercial,defer,1,0.0,0.0,0.0,0.0
10048,4740.99662918399,346.30801897754486,1,0.123,1.0,industrial,industrial,repair,1,20872.617,156.545,10.436,104.363
10048,4740.99662918399,346.30801897754486,1,0.123,1.0,industrial,industrial,rebuild,1,62617.851,1304.539,78.272,521.815
10048,4740.99662918399,346.30801897754486,1,0.123,1.0,industrial,industrial,demolish,0,10436.308,0.0,0.0,417.452
10048,4740.99662918399,346.30801897754486,1,0.123,1.0,industrial,industrial,defer,1,0.0,0.0,0.0,0.0
10049,620.7821399791219,99.69525803835147,3,0.218,0.7556453993111536,mixed_use,residential,repair,1,3276.672,24.575,1.638,16.383
10049,620.7821399791219,99.69525803835147,3,0.218,0.7556453993111536,mixed_use,residential,rebuild,1,9830.015,204.792,12.288,81.917
10049,620.7821399791219,99.69525803835147,3,0.218,0.7556453993111536,mixed_use,residential,demolish,0,1638.336,0.0,0.0,65.533
10049,620.7821399791219,99.69525803835147,3,0.218,0.7556453993111536,mixed_use,residential,defer,1,0.0,0.0,0.0,0.0
10050,795.3831037162422,113.26500604663946,2,0.384,0.6590114714375749,historical,cultural,repair,1,4600.831,34.506,2.3,23.004
10050,795.3831037162422,113.26500604663946,2,0.384,0.6590114714375749,historical,cultural,rebuild,1,13802.494,287.552,17.253,115.021
10050,795.3831037162422,113.26500604663946,2,0.384,0.6590114714375749,historical,cultural,demolish,0,2300.416,0.0,0.0,92.017
10050,795.3831037162422,113.26500604663946,2,0.384,0.6590114714375749,historical,cultural,defer,1,0.0,0.0,0.0,0.0
10051,505.53571727781275,92.74455596314867,2,0.771,0.9715644500822068,mixed_use,residential,repair,1,3136.372,23.523,1.568,15.682
10051,505.53571727781275,92.74455596314867,2,0.771,0.9715644500822068,mixed_use,residential,rebuild,1,9409.117,196.023,11.761,78.409
10051,505.53571727781275,92.74455596314867,2,0.771,0.9715644500822068,mixed_use,residential,demolish,1,1568.186,0.0,0.0,62.727
10051,505.53571727781275,92.74455596314867,2,0.771,0.9715644500822068,mixed_use,residential,defer,1,0.0,0.0,0.0,0.0
10052,1742.2182311986817,189.02386131468907,3,0.812,1.0,mixed_use,commercial,repair,0,11141.416,83.561,5.571,55.707
10052,1742.2182311986817,189.02386131468907,3,0.812,1.0,mixed_use,commercial,rebuild,1,33424.248,696.338,41.78,278.535
10052,1742.2182311986817,189.02386131468907,3,0.812,1.0,mixed_use,commercial,demolish,1,5570.708,0.0,0.0,222.828
10052,1742.2182311986817,189.02386131468907,3,0.812,1.0,mixed_use,commercial,defer,1,0.0,0.0,0.0,0.0
10053,835.6943993982768,115.64932545518334,6,0.676,0.929566567080387,residential,residential,repair,1,5536.602,41.525,2.768,27.683
10053,835.6943993982768,115.64932545518334,6,0.676,0.929566567080387,residential,residential,rebuild,1,16609.807,346.038,20.762,138.415
10053,835.6943993982768,115.64932545518334,6,0.676,0.929566567080387,residential,residential,demolish,1,2768.301,0.0,0.0,110.732
10053,835.6943993982768,115.64932545518334,6,0.676,0.929566567080387,residential,residential,defer,1,0.0,0.0,0.0,0.0
10054,5184.763716359586,288.07483389279514,4,0.263,1.0,mixed_use,public,repair,1,26412.845,198.096,13.206,132.064
10054,5184.763716359586,288.07483389279514,4,0.263,1.0,mixed_use,public,rebuild,1,79238.536,1650.803,99.048,660.321
10054,5184.763716359586,288.07483389279514,4,0.263,1.0,mixed_use,public,demolish,0,13206.423,0.0,0.0,528.257
10054,5184.763716359586,288.07483389279514,4,0.263,1.0,mixed_use,public,defer,1,0.0,0.0,0.0,0.0
10055,304.21347343153843,72.24678266572269,2,0.283,0.869581468025873,mixed_use,residential,repair,1,1562.875,11.722,0.781,7.814
10055,304.21347343153843,72.24678266572269,2,0.283,0.869581468025873,mixed_use,residential,rebuild,1,4688.625,97.68,5.861,39.072
10055,304.21347343153843,72.24678266572269,2,0.283,0.869581468025873,mixed_use,residential,demolish,0,781.437,0.0,0.0,31.257
10055,304.21347343153843,72.24678266572269,2,0.283,0.869581468025873,mixed_use,residential,defer,1,0.0,0.0,0.0,0.0
10056,411.9389965596978,88.78170735400553,6,0.213,0.9641607306639444,mixed_use,residential,repair,1,2163.897,16.229,1.082,10.819
10056,411.9389965596978,88.78170735400553,6,0.213,0.9641607306639444,mixed_use,residential,rebuild,1,6491.692,135.244,8.115,54.097
10056,411.9389965596978,88.78170735400553,6,0.213,0.9641607306639444,mixed_use,residential,demolish,0,1081.949,0.0,0.0,43.278
10056,411.9389965596978,88.78170735400553,6,0.213,0.9641607306639444,mixed_use,residential,defer,1,0.0,0.0,0.0,0.0
10057,4890.9321957424,280.9943315088325,4,0.112,0.997784759022166,public,public,repair,1,22984.059,172.38,11.492,114.92
10057,4890.9321957424,280.9943315088325,4,0.112,0.997784759022166,public,public,rebuild,1,68952.177,1436.504,86.19,574.601
10057,4890.9321957424,280.9943315088325,4,0.112,0.997784759022166,public,public,demolish,0,11492.03,0.0,0.0,459.681
10057,4890.9321957424,280.9943315088325,4,0.112,0.997784759022166,public,public,defer,1,0.0,0.0,0.0,0.0
10058,1320.3129733557084,166.88078935788752,5,0.7,0.9998935761532862,commercial,commercial,repair,1,8437.114,63.278,4.219,42.186
10058,1320.3129733557084,166.88078935788752,5,0.7,0.9998935761532862,commercial,commercial,rebuild,1,25311.342,527.32,31.639,210.928
10058,1320.3129733557084,166.88078935788752,5,0.7,0.9998935761532862,commercial,commercial,demolish,1,4218.557,0.0,0.0,168.742
10058,1320.3129733557084,166.88078935788752,5,0.7,0.9998935761532862,commercial,commercial,defer,1,0.0,0.0,0.0,0.0
10059,14036.32443101405,474.47764073190575,1,0.779,1.0,industrial,industrial,repair,1,84447.3,633.355,42.224,422.237
10059,14036.32443101405,474.47764073190575,1,0.779,1.0,industrial,industrial,rebuild,1,253341.9,5277.956,316.677,2111.183
10059,14036.32443101405,474.47764073190575,1,0.779,1.0,industrial,industrial,demolish,1,42223.65,0.0,0.0,1688.946
10059,14036.32443101405,474.47764073190575,1,0.779,1.0,industrial,industrial,defer,1,0.0,0.0,0.0,0.0
10060,449.7067904306218,91.26691199464099,4,0.419,0.7687870273015672,mixed_use,residential,repair,1,2676.539,20.074,1.338,13.383
10060,449.7067904306218,91.26691199464099,4,0.419,0.7687870273015672,mixed_use,residential,rebuild,1,8029.618,167.284,10.037,66.913
10060,449.7067904306218,91.26691199464099,4,0.419,0.7687870273015672,mixed_use,residential,demolish,0,1338.27,0.0,0.0,53.531
10060,449.7067904306218,91.26691199464099,4,0.419,0.7687870273015672,mixed_use,residential,defer,1,0.0,0.0,0.0,0.0
10061,495.19967829222776,96.26632332399758,2,0.081,0.36188026121600114,residential,residential,repair,1,2668.009,20.01,1.334,13.34
10061,495.19967829222776,96.26632332399758,2,0.081,0.36188026121600114,residential,residential,rebuild,1,8004.028,166.751,10.005,66.7
10061,495.19967829222776,96.26632332399758,2,0.081,0.36188026121600114,residential,residential,demolish,0,1334.005,0.0,0.0,53.36
10061,495.19967829222776,96.26632332399758,2,0.081,0.36188026121600114,residential,residential,defer,1,0.0,0.0,0.0,0.0
10062,699.3580945475844,105.79358878332334,2,0.138,0.46522636865758016,mixed_use,residential,repair,1,3775.812,28.319,1.888,18.879
10062,699.3580945475844,105.79358878332334,2,0.138,0.46522636865758016,mixed_use,residential,rebuild,1,11327.435,235.988,14.159,94.395
10062,699.3580945475844,105.79358878332334,2,0.138,0.46522636865758016,mixed_use,residential,demolish,0,1887.906,0.0,0.0,75.516
10062,699.3580945475844,105.79358878332334,2,0.138,0.46522636865758016,mixed_use,residential,defer,1,0.0,0.0,0.0,0.0
10063,458.27385171172995,90.62586011729994,8,0.579,0.6455908721546042,mixed_use,residential,repair,1,3331.546,24.987,1.666,16.658
10063,458.27385171172995,90.62586011729994,8,0.579,0.6455908721546042,mixed_use,residential,rebuild,1,9994.639,208.222,12.493,83.289
10063,458.27385171172995,90.62586011729994,8,0.579,0.6455908721546042,mixed_use,residential,demolish,1,1665.773,0.0,0.0,66.631
10063,458.27385171172995,90.62586011729994,8,0.579,0.6455908721546042,mixed_use,residential,defer,1,0.0,0.0,0.0,0.0
10064,6858.232989706168,331.4646803712823,1,0.059,1.0,industrial,industrial,repair,1,29114.159,218.356,14.557,145.571
10064,6858.232989706168,331.4646803712823,1,0.059,1.0,industrial,industrial,rebuild,1,87342.478,1819.635,109.178,727.854
10064,6858.232989706168,331.4646803712823,1,0.059,1.0,industrial,industrial,demolish,0,14557.08,0.0,0.0,582.283
10064,6858.232989706168,331.4646803712823,1,0.059,1.0,industrial,industrial,defer,1,0.0,0.0,0.0,0.0
10065,964.807874700509,125.13831189069529,6,0.766,0.44729966131034415,mixed_use,residential,repair,1,7730.988,57.982,3.865,38.655
10065,964.807874700509,125.13831189069529,6,0.766,0.44729966131034415,mixed_use,residential,rebuild,1,23192.963,483.187,28.991,193.275
10065,964.807874700509,125.13831189069529,6,0.766,0.44729966131034415,mixed_use,residential,demolish,1,3865.494,0.0,0.0,154.62
10065,964.807874700509,125.13831189069529,6,0.766,0.44729966131034415,mixed_use,residential,defer,1,0.0,0.0,0.0,0.0
10066,739.0797961490113,108.87654950633859,5,0.775,0.327231899645836,mixed_use,residential,repair,1,6019.678,45.148,3.01,30.098
10066,739.0797961490113,108.87654950633859,5,0.775,0.327231899645836,mixed_use,residential,rebuild,1,18059.034,376.23,22.574,150.492
10066,739.0797961490113,108.87654950633859,5,0.775,0.327231899645836,mixed_use,residential,demolish,1,3009.839,0.0,0.0,120.394
10066,739.0797961490113,108.87654950633859,5,0.775,0.327231899645836,mixed_use,residential,defer,1,0.0,0.0,0.0,0.0
10067,317.7382470729857,72.3479990086587,2,0.747,0.4992877665516431,mixed_use,residential,repair,1,2271.315,17.035,1.136,11.357
10067,317.7382470729857,72.3479990086587,2,0.747,0.4992877665516431,mixed_use,residential,rebuild,1,6813.944,141.957,8.517,56.783
10067,317.7382470729857,72.3479990086587,2,0.747,0.4992877665516431,mixed_use,residential,demolish,1,1135.657,0.0,0.0,45.426
10067,317.7382470729857,72.3479990086587,2,0.747,0.4992877665516431,mixed_use,residential,defer,1,0.0,0.0,0.0,0.0
10068,767.4569126972816,112.61541454441958,2,0.791,1.0,public,public,repair,1,4753.106,35.648,2.377,23.766
10068,767.4569126972816,112.61541454441958,2,0.791,1.0,public,public,rebuild,1,14259.319,297.069,17.824,118.828
10068,767.4569126972816,112.61541454441958,2,0.791,1.0,public,public,demolish,1,2376.553,0.0,0.0,95.062
10068,767.4569126972816,112.61541454441958,2,0.791,1.0,public,public,defer,1,0.0,0.0,0.0,0.0
10069,440.3569385583669,87.88517271891419,3,0.079,0.6067647150935634,residential,residential,repair,1,2256.253,16.922,1.128,11.281
10069,440.3569385583669,87.88517271891419,3,0.079,0.6067647150935634,residential,residential,rebuild,1,6768.759,141.016,8.461,56.406
10069,440.3569385583669,87.88517271891419,3,0.079,0.6067647150935634,residential,residential,demolish,0,1128.127,0.0,0.0,45.125
10069,440.3569385583669,87.88517271891419,3,0.079,0.6067647150935634,residential,residential,defer,1,0.0,0.0,0.0,0.0
10070,242.31660031848241,62.69112362364798,3,0.534,0.38741420693445483,mixed_use,residential,repair,1,1670.785,12.531,0.835,8.354
10070,242.31660031848241,62.69112362364798,3,0.534,0.38741420693445483,mixed_use,residential,rebuild,1,5012.356,104.424,6.265,41.77
10070,242.31660031848241,62.69112362364798,3,0.534,0.38741420693445483,mixed_use,residential,demolish,1,835.393,0.0,0.0,33.416
10070,242.31660031848241,62.69112362364798,3,0.534,0.38741420693445483,mixed_use,residential,defer,1,0.0,0.0,0.0,0.0
10071,182.58343034920708,54.20449546884903,4,0.462,0.04477131391083111,residential,residential,repair,1,1369.103,10.268,0.685,6.846
10071,182.58343034920708,54.20449546884903,4,0.462,0.04477131391083111,residential,residential,rebuild,1,4107.31,85.569,5.134,34.228
10071,182.58343034920708,54.20449546884903,4,0.462,0.04477131391083111,residential,residential,demolish,0,684.552,0.0,0.0,27.382
10071,182.58343034920708,54.20449546884903,4,0.462,0.04477131391083111,residential,residential,defer,1,0.0,0.0,0.0,0.0
10072,533.9847737642278,97.2550995942552,5,0.32,0.219714479571271,residential,residential,repair,1,3646.533,27.349,1.823,18.233
10072,533.9847737642278,97.2550995942552,5,0.32,0.219714479571271,residential,residential,rebuild,1,10939.599,227.908,13.674,91.163
10072,533.9847737642278,97.2550995942552,5,0.32,0.219714479571271,residential,residential,demolish,0,1823.266,0.0,0.0,72.931
10072,533.9847737642278,97.2550995942552,5,0.32,0.219714479571271,residential,residential,defer,1,0.0,0.0,0.0,0.0
10073,2935.682837432645,224.06691113053034,2,0.68,0.7174030890422941,mixed_use,public,repair,1,19077.558,143.082,9.539,95.388
10073,2935.682837432645,224.06691113053034,2,0.68,0.7174030890422941,mixed_use,public,rebuild,1,57232.673,1192.347,71.541,476.939
10073,2935.682837432645,224.06691113053034,2,0.68,0.7174030890422941,mixed_use,public,demolish,1,9538.779,0.0,0.0,381.551
10073,2935.682837432645,224.06691113053034,2,0.68,0.7174030890422941,mixed_use,public,defer,1,0.0,0.0,0.0,0.0
10074,612.327850137914,101.31540990983726,2,0.748,0.93665554402739,mixed_use,residential,repair,1,3808.598,28.564,1.904,19.043
10074,612.327850137914,101.31540990983726,2,0.748,0.93665554402739,mixed_use,residential,rebuild,1,11425.793,238.037,14.282,95.215
10074,612.327850137914,101.31540990983726,2,0.748,0.93665554402739,mixed_use,residential,demolish,1,1904.299,0.0,0.0,76.172
10074,612.327850137914,101.31540990983726,2,0.748,0.93665554402739,mixed_use,residential,defer,1,0.0,0.0,0.0,0.0
10075,537.8862518412086,93.0518522065434,4,0.104,0.48091778968296817,mixed_use,residential,repair,1,2971.191,22.284,1.486,14.856
10075,537.8862518412086,93.0518522065434,4,0.104,0.48091778968296817,mixed_use,residential,rebuild,1,8913.574,185.699,11.142,74.28
10075,537.8862518412086,93.0518522065434,4,0.104,0.48091778968296817,mixed_use,residential,demolish,0,1485.596,0.0,0.0,59.424
10075,537.8862518412086,93.0518522065434,4,0.104,0.48091778968296817,mixed_use,residential,defer,1,0.0,0.0,0.0,0.0
10076,2338.0401147599896,199.54134976630974,5,0.112,0.12656287244236297,mixed_use,commercial,repair,1,14660.699,109.955,7.33,73.303
10076,2338.0401147599896,199.54134976630974,5,0.112,0.12656287244236297,mixed_use,commercial,rebuild,1,43982.098,916.294,54.978,366.517
10076,2338.0401147599896,199.54134976630974,5,0.112,0.12656287244236297,mixed_use,commercial,demolish,0,7330.35,0.0,0.0,293.214
10076,2338.0401147599896,199.54134976630974,5,0.112,0.12656287244236297,mixed_use,commercial,defer,1,0.0,0.0,0.0,0.0
10077,9660.967613450866,397.19259539689796,3,0.135,0.8812347313210038,industrial,industrial,repair,1,46773.766,350.803,23.387,233.869
10077,9660.967613450866,397.19259539689796,3,0.135,0.8812347313210038,industrial,industrial,rebuild,1,140321.298,2923.36,175.402,1169.344
10077,9660.967613450866,397.19259539689796,3,0.135,0.8812347313210038,industrial,industrial,demolish,0,23386.883,0.0,0.0,935.475
10077,9660.967613450866,397.19259539689796,3,0.135,0.8812347313210038,industrial,industrial,defer,1,0.0,0.0,0.0,0.0
10078,3817.6093999779387,297.8492011759232,1,0.4,1.0,industrial,industrial,repair,1,19408.726,145.565,9.704,97.044
10078,3817.6093999779387,297.8492011759232,1,0.4,1.0,industrial,industrial,rebuild,1,58226.179,1213.045,72.783,485.218
10078,3817.6093999779387,297.8492011759232,1,0.4,1.0,industrial,industrial,demolish,0,9704.363,0.0,0.0,388.175
10078,3817.6093999779387,297.8492011759232,1,0.4,1.0,industrial,industrial,defer,1,0.0,0.0,0.0,0.0
10079,2887.5252351448494,221.22289776681367,3,0.073,0.6257487605876202,public,public,repair,1,14657.824,109.934,7.329,73.289
10079,2887.5252351448494,221.22289776681367,3,0.073,0.6257487605876202,public,public,rebuild,1,43973.473,916.114,54.967,366.446
10079,2887.5252351448494,221.22289776681367,3,0.073,0.6257487605876202,public,public,demolish,0,7328.912,0.0,0.0,293.156
10079,2887.5252351448494,221.22289776681367,3,0.073,0.6257487605876202,public,public,defer,1,0.0,0.0,0.0,0.0
10080,250.7636882428773,66.73638015996906,5,0.189,0.0,residential,residential,repair,1,1696.142,12.721,0.848,8.481
10080,250.7636882428773,66.73638015996906,5,0.189,0.0,residential,residential,rebuild,1,5088.425,106.009,6.361,42.404
10080,250.7636882428773,66.73638015996906,5,0.189,0.0,residential,residential,demolish,0,848.071,0.0,0.0,33.923
10080,250.7636882428773,66.73638015996906,5,0.189,0.0,residential,residential,defer,1,0.0,0.0,0.0,0.0
10081,4227.076036286944,260.07269726023185,2,0.333,0.5051099984965131,commercial,commercial,repair,1,24990.475,187.429,12.495,124.952
10081,4227.076036286944,260.07269726023185,2,0.333,0.5051099984965131,commercial,commercial,rebuild,1,74971.426,1561.905,93.714,624.762
10081,4227.076036286944,260.07269726023185,2,0.333,0.5051099984965131,commercial,commercial,demolish,0,12495.238,0.0,0.0,499.81
10081,4227.076036286944,260.07269726023185,2,0.333,0.5051099984965131,commercial,commercial,defer,1,0.0,0.0,0.0,0.0
10082,327.4185792256415,76.85639438898701,4,0.21,0.4185087059919347,mixed_use,residential,repair,1,1952.308,14.642,0.976,9.762
10082,327.4185792256415,76.85639438898701,4,0.21,0.4185087059919347,mixed_use,residential,rebuild,1,5856.925,122.019,7.321,48.808
10082,327.4185792256415,76.85639438898701,4,0.21,0.4185087059919347,mixed_use,residential,demolish,0,976.154,0.0,0.0,39.046
10082,327.4185792256415,76.85639438898701,4,0.21,0.4185087059919347,mixed_use,residential,defer,1,0.0,0.0,0.0,0.0
10083,894.2319163233828,121.57727286102832,1,0.16,0.5787749421455171,mixed_use,residential,repair,1,4610.737,34.581,2.305,23.054
10083,894.2319163233828,121.57727286102832,1,0.16,0.5787749421455171,mixed_use,residential,rebuild,1,13832.21,288.171,17.29,115.268
10083,894.2319163233828,121.57727286102832,1,0.16,0.5787749421455171,mixed_use,residential,demolish,0,2305.368,0.0,0.0,92.215
10083,894.2319163233828,121.57727286102832,1,0.16,0.5787749421455171,mixed_use,residential,defer,1,0.0,0.0,0.0,0.0
10084,825.6620654332971,115.91229350799111,3,0.206,0.9141310330584534,mixed_use,residential,repair,1,4109.061,30.818,2.055,20.545
10084,825.6620654332971,115.91229350799111,3,0.206,0.9141310330584534,mixed_use,residential,rebuild,1,12327.182,256.816,15.409,102.727
10084,825.6620654332971,115.91229350799111,3,0.206,0.9141310330584534,mixed_use,residential,demolish,0,2054.53,0.0,0.0,82.181
10084,825.6620654332971,115.91229350799111,3,0.206,0.9141310330584534,mixed_use,residential,defer,1,0.0,0.0,0.0,0.0
10085,1499.9809662865846,157.75730996714034,4,0.577,0.5961943822858379,commercial,commercial,repair,1,10140.515,76.054,5.07,50.703
10085,1499.9809662865846,157.75730996714034,4,0.577,0.5961943822858379,commercial,commercial,rebuild,1,30421.544,633.782,38.027,253.513
10085,1499.9809662865846,157.75730996714034,4,0.577,0.5961943822858379,commercial,commercial,demolish,1,5070.257,0.0,0.0,202.81
10085,1499.9809662865846,157.75730996714034,4,0.577,0.5961943822858379,commercial,commercial,defer,1,0.0,0.0,0.0,0.0
10086,427.43150520762026,82.7385352839846,4,0.838,0.32830489588274425,residential,residential,repair,0,3490.761,26.181,1.745,17.454
10086,427.43150520762026,82.7385352839846,4,0.838,0.32830489588274425,residential,residential,rebuild,1,10472.284,218.173,13.09,87.269
10086,427.43150520762026,82.7385352839846,4,0.838,0.32830489588274425,residential,residential,demolish,1,1745.381,0.0,0.0,69.815
10086,427.43150520762026,82.7385352839846,4,0.838,0.32830489588274425,residential,residential,defer,1,0.0,0.0,0.0,0.0
10087,2127.3272480160585,189.77714361635165,1,0.565,0.6255842565001076,historical,cultural,repair,1,13209.27,99.07,6.605,66.046
10087,2127.3272480160585,189.77714361635165,1,0.565,0.6255842565001076,historical,cultural,rebuild,1,39627.81,825.579,49.535,330.232
10087,2127.3272480160585,189.77714361635165,1,0.565,0.6255842565001076,historical,cultural,demolish,0,6604.635,0.0,0.0,264.185
10087,2127.3272480160585,189.77714361635165,1,0.565,0.6255842565001076,historical,cultural,defer,1,0.0,0.0,0.0,0.0
10088,8805.004280250183,375.49530846096786,1,0.386,1.0,industrial,industrial,repair,1,44461.397,333.46,22.231,222.307
10088,8805.004280250183,375.49530846096786,1,0.386,1.0,industrial,industrial,rebuild,1,133384.192,2778.837,166.73,1111.535
10088,8805.004280250183,375.49530846096786,1,0.386,1.0,industrial,industrial,demolish,0,22230.699,0.0,0.0,889.228
10088,8805.004280250183,375.49530846096786,1,0.386,1.0,industrial,industrial,defer,1,0.0,0.0,0.0,0.0
10089,14410.966379369762,480.2955171990873,2,0.466,0.8601631535552863,industrial,industrial,repair,1,81239.73,609.298,40.62,406.199
10089,14410.966379369762,480.2955171990873,2,0.466,0.8601631535552863,industrial,industrial,rebuild,1,243719.191,5077.483,304.649,2030.993
10089,14410.966379369762,480.2955171990873,2,0.466,0.8601631535552863,industrial,industrial,demolish,0,40619.865,0.0,0.0,1624.795
10089,14410.966379369762,480.2955171990873,2,0.466,0.8601631535552863,industrial,industrial,defer,1,0.0,0.0,0.0,0.0
10090,633.5958573982972,106.84654870551017,2,0.206,0.4057210536107313,mixed_use,residential,repair,1,3611.931,27.089,1.806,18.06
10090,633.5958573982972,106.84654870551017,2,0.206,0.4057210536107313,mixed_use,residential,rebuild,1,10835.793,225.746,13.545,90.298
10090,633.5958573982972,106.84654870551017,2,0.206,0.4057210536107313,mixed_use,residential,demolish,0,1805.965,0.0,0.0,72.239
10090,633.5958573982972,106.84654870551017,2,0.206,0.4057210536107313,mixed_use,residential,defer,1,0.0,0.0,0.0,0.0
10091,307.5055535505468,74.96950423388134,3,0.293,0.8269604619913548,residential,residential,repair,1,1648.89,12.367,0.824,8.244
10091,307.5055535505468,74.96950423388134,3,0.293,0.8269604619913548,residential,residential,rebuild,1,4946.67,103.056,6.183,41.222
10091,307.5055535505468,74.96950423388134,3,0.293,0.8269604619913548,residential,residential,demolish,0,824.445,0.0,0.0,32.978
10091,307.5055535505468,74.96950423388134,3,0.293,0.8269604619913548,residential,residential,defer,1,0.0,0.0,0.0,0.0
10092,237.75581894189554,62.53594319194839,8,0.539,0.8103789334268156,mixed_use,residential,repair,1,1610.536,12.079,0.805,8.053
10092,237.75581894189554,62.53594319194839,8,0.539,0.8103789334268156,mixed_use,residential,rebuild,1,4831.607,100.658,6.04,40.263
10092,237.75581894189554,62.53594319194839,8,0.539,0.8103789334268156,mixed_use,residential,demolish,1,805.268,0.0,0.0,32.211
10092,237.75581894189554,62.53594319194839,8,0.539,0.8103789334268156,mixed_use,residential,defer,1,0.0,0.0,0.0,0.0
10093,732.6208141862079,108.47901524505633,2,0.271,0.8945402264498329,historical,cultural,repair,1,3709.371,27.82,1.855,18.547
10093,732.6208141862079,108.47901524505633,2,0.271,0.8945402264498329,historical,cultural,rebuild,1,11128.114,231.836,13.91,92.734
10093,732.6208141862079,108.47901524505633,2,0.271,0.8945402264498329,historical,cultural,demolish,0,1854.686,0.0,0.0,74.187
10093,732.6208141862079,108.47901524505633,2,0.271,0.8945402264498329,historical,cultural,defer,1,0.0,0.0,0.0,0.0
10094,799.7414594734933,116.4171680835724,1,0.143,0.9970479429419808,mixed_use,residential,repair,1,3563.952,26.73,1.782,17.82
10094,799.7414594734933,116.4171680835724,1,0.143,0.9970479429419808,mixed_use,residential,rebuild,1,10691.855,222.747,13.365,89.099
10094,799.7414594734933,116.4171680835724,1,0.143,0.9970479429419808,mixed_use,residential,demolish,0,1781.976,0.0,0.0,71.279
10094,799.7414594734933,116.4171680835724,1,0.143,0.9970479429419808,mixed_use,residential,defer,1,0.0,0.0,0.0,0.0
10095,545.6032876141078,94.93649571504028,2,0.268,0.8801557487571078,mixed_use,residential,repair,1,2771.588,20.787,1.386,13.858
10095,545.6032876141078,94.93649571504028,2,0.268,0.8801557487571078,mixed_use,residential,rebuild,1,8314.764,173.224,10.393,69.29
10095,545.6032876141078,94.93649571504028,2,0.268,0.8801557487571078,mixed_use,residential,demolish,0,1385.794,0.0,0.0,55.432
10095,545.6032876141078,94.93649571504028,2,0.268,0.8801557487571078,mixed_use,residential,defer,1,0.0,0.0,0.0,0.0
10096,334.4170867473432,82.68728186598553,3,0.161,1.0,residential,residential,repair,1,1576.904,11.827,0.788,7.885
10096,334.4170867473432,82.68728186598553,3,0.161,1.0,residential,residential,rebuild,1,4730.711,98.556,5.913,39.423
10096,334.4170867473432,82.68728186598553,3,0.161,1.0,residential,residential,demolish,0,788.452,0.0,0.0,31.538
10096,334.4170867473432,82.68728186598553,3,0.161,1.0,residential,residential,defer,1,0.0,0.0,0.0,0.0
10097,8041.074869593995,367.22655342602434,1,0.063,1.0,industrial,industrial,repair,1,34214.613,256.61,17.107,171.073
10097,8041.074869593995,367.22655342602434,1,0.063,1.0,industrial,industrial,rebuild,1,102643.838,2138.413,128.305,855.365
10097,8041.074869593995,367.22655342602434,1,0.063,1.0,industrial,industrial,demolish,0,17107.306,0.0,0.0,684.292
10097,8041.074869593995,367.22655342602434,1,0.063,1.0,industrial,industrial,defer,1,0.0,0.0,0.0,0.0
10098,1845.7252852876536,179.44952902198284,6,0.21,1.0,commercial,commercial,repair,1,9560.119,71.701,4.78,47.801
10098,1845.7252852876536,179.44952902198284,6,0.21,1.0,commercial,commercial,rebuild,1,28680.356,597.507,35.85,239.003
10098,1845.7252852876536,179.44952902198284,6,0.21,1.0,commercial,commercial,demolish,0,4780.059,0.0,0.0,191.202
10098,1845.7252852876536,179.44952902198284,6,0.21,1.0,commercial,commercial,defer,1,0.0,0.0,0.0,0.0
10099,8009.084460580583,364.3062169519287,1,0.576,1.0,industrial,industrial,repair,1,44185.799,331.393,22.093,220.929
10099,8009.084460580583,364.3062169519287,1,0.576,1.0,industrial,industrial,rebuild,1,132557.396,2761.612,165.697,1104.645
10099,8009.084460580583,364.3062169519287,1,0.576,1.0,industrial,industrial,demolish,1,22092.899,0.0,0.0,883.716
10099,8009.084460580583,364.3062169519287,1,0.576,1.0,industrial,industrial,defer,1,0.0,0.0,0.0,0.0
10100,1400.2092510088382,151.75810362593066,3,0.166,0.9324125510961463,mixed_use,commercial,repair,1,6777.195,50.829,3.389,33.886
10100,1400.2092510088382,151.75810362593066,3,0.166,0.9324125510961463,mixed_use,commercial,rebuild,1,20331.586,423.575,25.414,169.43
10100,1400.2092510088382,151.75810362593066,3,0.166,0.9324125510961463,mixed_use,commercial,demolish,0,3388.598,0.0,0.0,135.544
10100,1400.2092510088382,151.75810362593066,3,0.166,0.9324125510961463,mixed_use,commercial,defer,1,0.0,0.0,0.0,0.0
