building_id,area_m2,perimeter_m,floors,damage_level,access_index,zoning_category,building_type,action,q_ij,defer_priority,defer_penalty_i,labor_hours,concrete_m3,steel_tons,equipment_hours,C_hat_ij,T_hat_ij
10001,1652.3829673495477,165.84677341910492,2,0.372,0.8012747303724277,industrial,industrial,repair,1,0.3832,0.0,9079.462,68.096,4.54,45.397,913877.7187852231,466.56503857677853
10001,1652.3829673495477,165.84677341910492,2,0.372,0.8012747303724277,industrial,industrial,rebuild,1,0.3832,0.0,27238.387,567.466,34.048,226.987,3435753.6670641713,1563.0700339487566
10001,1652.3829673495477,165.84677341910492,2,0.372,0.8012747303724277,industrial,industrial,demolish,0,0.3832,0.0,4539.731,0.0,0.0,181.589,463842.4038679702,330.06516094610157
10001,1652.3829673495477,165.84677341910492,2,0.372,0.8012747303724277,industrial,industrial,defer,1,0.3832,76640.0,0.0,0.0,0.0,0.0,17180.57017492457,0.0
10002,3531.360177733285,239.01846494116884,6,0.23,0.8553979154928926,commercial,commercial,repair,1,0.338,0.0,19421.552,145.662,9.711,97.108,1732938.4749819606,1022.3415435861075
10002,3531.360177733285,239.01846494116884,6,0.23,0.8553979154928926,commercial,commercial,rebuild,1,0.338,0.0,58264.657,1213.847,72.831,485.539,7178170.672289829,3285.4370809429165
10002,3531.360177733285,239.01846494116884,6,0.23,0.8553979154928926,commercial,commercial,demolish,0,0.338,0.0,9710.776,0.0,0.0,388.431,855646.9634367094,568.5357767425821
10002,3531.360177733285,239.01846494116884,6,0.23,0.8553979154928926,commercial,commercial,defer,1,0.338,67600.0,0.0,0.0,0.0,0.0,36334.885863024094,0.0
10003,535.364476559373,96.61621719151927,1,0.158,0.8618457857263513,public,cultural,repair,1,0.43479999999999996,0.0,2519.278,18.895,1.26,12.596,310644.1723077375,184.5193989503992
10003,535.364476559373,96.61621719151927,1,0.158,0.8618457857263513,public,cultural,rebuild,1,0.43479999999999996,0.0,7557.835,157.455,9.447,62.982,1143502.4080641915,494.90061727515865
10003,535.364476559373,96.61621719151927,1,0.158,0.8618457857263513,public,cultural,demolish,0,0.43479999999999996,0.0,1259.639,0.0,0.0,50.386,146277.4038533792,122.01798778512307
10003,535.364476559373,96.61621719151927,1,0.158,0.8618457857263513,public,cultural,defer,1,0.43479999999999996,86960.0,0.0,0.0,0.0,0.0,5501.570482811897,0.0
10004,177.81198967938826,54.407446019286226,4,0.167,0.9973782944329502,mixed_use,residential,repair,1,0.44520000000000004,0.0,861.556,6.462,0.431,4.308,69286.23717535217,76.37205564697683
10004,177.81198967938826,54.407446019286226,4,0.167,0.9973782944329502,mixed_use,residential,rebuild,1,0.44520000000000004,0.0,2584.669,53.847,3.231,21.539,243107.85774577048,168.43301787890817
10004,177.81198967938826,54.407446019286226,4,0.167,0.9973782944329502,mixed_use,residential,demolish,0,0.44520000000000004,0.0,430.778,0.0,0.0,17.231,25332.521886985516,56.235227719354384
10004,177.81198967938826,54.407446019286226,4,0.167,0.9973782944329502,mixed_use,residential,defer,1,0.44520000000000004,89040.00000000001,0.0,0.0,0.0,0.0,1779.052238160344,0.0
10005,3575.0314825138644,239.6999271180408,3,0.666,0.8971748784194744,commercial,commercial,repair,1,0.5996,0.0,22289.859,167.174,11.145,111.449,2454117.1462412393,1321.5321843790307
10005,3575.0314825138644,239.6999271180408,3,0.666,0.8971748784194744,commercial,commercial,rebuild,1,0.5996,0.0,66869.576,1393.116,83.587,557.246,8666629.170593968,4182.804995781632
10005,3575.0314825138644,239.6999271180408,3,0.666,0.8971748784194744,commercial,commercial,demolish,1,0.5996,0.0,11144.929,0.0,0.0,445.797,1073824.266737672,705.4516736209541
10005,3575.0314825138644,239.6999271180408,3,0.666,0.8971748784194744,commercial,commercial,defer,1,0.5996,119920.0,0.0,0.0,0.0,0.0,36485.520918826034,0.0
10006,663.7022652839112,103.51571497113206,1,0.662,1.0,residential,residential,repair,1,0.7572,0.0,3802.032,28.515,1.901,19.01,266863.2602117874,197.01026691878417
10006,663.7022652839112,103.51571497113206,1,0.662,1.0,residential,residential,rebuild,1,0.7572,0.0,11406.095,237.627,14.258,95.051,1042180.6438821249,680.0520197952548
10006,663.7022652839112,103.51571497113206,1,0.662,1.0,residential,residential,demolish,1,0.7572,0.0,1901.016,0.0,0.0,76.041,127390.86407690472,144.62391074480837
10006,663.7022652839112,103.51571497113206,1,0.662,1.0,residential,residential,defer,1,0.7572,151440.0,0.0,0.0,0.0,0.0,6637.022652839112,0.0
10007,394.2056399058067,79.88937717505353,2,0.771,0.8869128155249509,mixed_use,residential,repair,1,0.8076000000000001,0.0,2517.421,18.881,1.259,12.587,195073.99386026058,161.27907116143314
10007,394.2056399058067,79.88937717505353,2,0.771,0.8869128155249509,mixed_use,residential,rebuild,1,0.8076000000000001,0.0,7552.263,157.339,9.44,62.936,825201.95963406,482.1229861433908
10007,394.2056399058067,79.88937717505353,2,0.771,0.8869128155249509,mixed_use,residential,demolish,1,0.8076000000000001,0.0,1258.71,0.0,0.0,50.348,92925.58067810652,111.11615143218944
10007,394.2056399058067,79.88937717505353,2,0.771,0.8869128155249509,mixed_use,residential,defer,1,0.8076000000000001,161520.00000000003,0.0,0.0,0.0,0.0,4031.2156109003326,0.0
10008,376.4782688522358,77.62053604817774,5,0.166,0.7973577572126439,mixed_use,residential,repair,1,0.44460000000000005,0.0,1995.015,14.963,0.998,9.975,152551.52927784203,115.58121702966639
10008,376.4782688522358,77.62053604817774,5,0.166,0.7973577572126439,mixed_use,residential,rebuild,1,0.44460000000000005,0.0,5985.044,124.688,7.481,49.875,533652.1184032448,347.6026620131472
10008,376.4782688522358,77.62053604817774,5,0.166,0.7973577572126439,mixed_use,residential,demolish,0,0.44460000000000005,0.0,997.507,0.0,0.0,39.9,69881.72354683932,88.80278484792632
10008,376.4782688522358,77.62053604817774,5,0.166,0.7973577572126439,mixed_use,residential,defer,1,0.44460000000000005,88920.00000000001,0.0,0.0,0.0,0.0,3917.3634900441944,0.0
10009,3894.449621667649,256.4344626181374,6,0.304,0.8766474526312389,mixed_use,public,repair,1,0.5573999999999999,0.0,22096.569,165.724,11.048,110.483,1948405.3733550971,1234.5390132744542
10009,3894.449621667649,256.4344626181374,6,0.304,0.8766474526312389,mixed_use,public,rebuild,1,0.5573999999999999,0.0,66289.707,1381.036,82.862,552.414,7251257.243950033,3892.9873814935613
10009,3894.449621667649,256.4344626181374,6,0.304,0.8766474526312389,mixed_use,public,demolish,0,0.5573999999999999,0.0,11048.284,0.0,0.0,441.931,865004.747243341,658.160392496159
10009,3894.449621667649,256.4344626181374,6,0.304,0.8766474526312389,mixed_use,public,defer,1,0.5573999999999999,111479.99999999999,0.0,0.0,0.0,0.0,39905.276779540516,0.0
10010,391.81565712750614,87.65071988835756,8,0.087,0.9185908047234884,mixed_use,residential,repair,1,0.39720000000000005,0.0,2035.273,15.265,1.018,10.176,140243.25494682696,118.46298144303091
10010,391.81565712750614,87.65071988835756,8,0.087,0.9185908047234884,mixed_use,residential,rebuild,1,0.39720000000000005,0.0,6105.82,127.205,7.632,50.882,540038.1337220555,354.0332144833819
10010,391.81565712750614,87.65071988835756,8,0.087,0.9185908047234884,mixed_use,residential,demolish,0,0.39720000000000005,0.0,1017.637,0.0,0.0,40.705,61313.58937855484,94.46296388415874
10010,391.81565712750614,87.65071988835756,8,0.087,0.9185908047234884,mixed_use,residential,defer,1,0.39720000000000005,79440.00000000001,0.0,0.0,0.0,0.0,3981.9513659620375,0.0
10011,4057.415525240668,255.0806043245251,4,0.243,1.0,mixed_use,commercial,repair,1,0.37079999999999996,0.0,20455.542,153.417,10.228,102.278,1610224.4648780352,1079.2604157787011
10011,4057.415525240668,255.0806043245251,4,0.243,1.0,mixed_use,commercial,rebuild,1,0.37079999999999996,0.0,61366.625,1278.471,76.708,511.389,7142159.576576128,3597.454330747225
10011,4057.415525240668,255.0806043245251,4,0.243,1.0,mixed_use,commercial,demolish,0,0.37079999999999996,0.0,10227.771,0.0,0.0,409.111,841506.2590250578,623.1452624073696
10011,4057.415525240668,255.0806043245251,4,0.243,1.0,mixed_use,commercial,defer,1,0.37079999999999996,74159.99999999999,0.0,0.0,0.0,0.0,40574.15525240668,0.0
10012,224.18551756787627,71.91251344808758,5,0.537,0.9200304499947086,residential,residential,repair,1,0.6822,0.0,1371.216,10.284,0.686,6.856,87674.92090805783,117.07552758361146
10012,224.18551756787627,71.91251344808758,5,0.537,0.9200304499947086,residential,residential,rebuild,1,0.6822,0.0,4113.648,85.701,5.142,34.28,367013.7230386734,256.901516589554
10012,224.18551756787627,71.91251344808758,5,0.537,0.9200304499947086,residential,residential,demolish,1,0.6822,0.0,685.608,0.0,0.0,27.424,47109.81877662707,88.78707692584442
10012,224.18551756787627,71.91251344808758,5,0.537,0.9200304499947086,residential,residential,defer,1,0.6822,136440.0,0.0,0.0,0.0,0.0,2277.7112055939756,0.0
10013,572.5261509367078,95.94503812597101,5,0.418,0.9053989629559748,mixed_use,residential,repair,1,0.5957999999999999,0.0,3329.22,24.969,1.665,16.646,231362.50097479555,176.6791708155983
10013,572.5261509367078,95.94503812597101,5,0.418,0.9053989629559748,mixed_use,residential,rebuild,1,0.5957999999999999,0.0,9987.659,208.076,12.485,83.23,996693.9423261055,587.6377004870495
10013,572.5261509367078,95.94503812597101,5,0.418,0.9053989629559748,mixed_use,residential,demolish,0,0.5957999999999999,0.0,1664.61,0.0,0.0,66.584,134516.6603761497,129.07496884176487
10013,572.5261509367078,95.94503812597101,5,0.418,0.9053989629559748,mixed_use,residential,defer,1,0.5957999999999999,119159.99999999997,0.0,0.0,0.0,0.0,5833.584644593951,0.0
10014,266.3414027252145,72.98748614216498,3,0.511,1.0,residential,residential,repair,1,0.6666,0.0,1496.407,11.223,0.748,7.482,102656.26487979712,117.7630659863886
10014,266.3414027252145,72.98748614216498,3,0.511,1.0,residential,residential,rebuild,1,0.6666,0.0,4489.222,93.525,5.612,37.41,411644.1669624208,296.1898779963422
10014,266.3414027252145,72.98748614216498,3,0.511,1.0,residential,residential,demolish,1,0.6666,0.0,748.204,0.0,0.0,29.928,51710.24685926223,89.86497436546188
10014,266.3414027252145,72.98748614216498,3,0.511,1.0,residential,residential,defer,1,0.6666,133320.0,0.0,0.0,0.0,0.0,2663.414027252145,0.0
10015,1385.128289881111,148.94146447123066,3,0.483,0.879007467276629,mixed_use,public,repair,1,0.6648000000000001,0.0,8007.433,60.056,4.004,40.037,656339.420891296,393.3858901491004
10015,1385.128289881111,148.94146447123066,3,0.483,0.879007467276629,mixed_use,public,rebuild,1,0.6648000000000001,0.0,24022.299,500.465,30.028,200.186,2709280.5514490535,1497.4375493506886
10015,1385.128289881111,148.94146447123066,3,0.483,0.879007467276629,mixed_use,public,demolish,0,0.6648000000000001,0.0,4003.716,0.0,0.0,160.149,350054.8829290521,288.75453064622764
10015,1385.128289881111,148.94146447123066,3,0.483,0.879007467276629,mixed_use,public,defer,1,0.6648000000000001,132960.0,0.0,0.0,0.0,0.0,14186.463258690124,0.0
10016,3670.789172754866,243.36861989643575,2,0.476,0.9952865040932578,historical,cultural,repair,1,0.6055999999999999,0.0,19853.198,148.899,9.927,99.266,2422085.5509666144,1126.8419326426097
10016,3670.789172754866,243.36861989643575,2,0.476,0.9952865040932578,historical,cultural,rebuild,1,0.6055999999999999,0.0,59559.594,1240.825,74.449,496.33,8554231.70164758,3717.5817986272878
10016,3670.789172754866,243.36861989643575,2,0.476,0.9952865040932578,historical,cultural,demolish,0,0.6055999999999999,0.0,9926.599,0.0,0.0,397.064,1189192.522063399,660.5793601199294
10016,3670.789172754866,243.36861989643575,2,0.476,0.9952865040932578,historical,cultural,defer,1,0.6055999999999999,121119.99999999999,0.0,0.0,0.0,0.0,36742.496227029245,0.0
10017,7034.748676859446,379.5593411259123,1,0.557,0.9319680098100285,industrial,industrial,repair,1,0.4942,0.0,39397.916,295.484,19.699,196.99,4374089.653233133,2070.7493502532698
10017,7034.748676859446,379.5593411259123,1,0.557,0.9319680098100285,industrial,industrial,rebuild,1,0.4942,0.0,118193.749,2462.37,147.742,984.948,16658636.500345914,7159.573788569433
10017,7034.748676859446,379.5593411259123,1,0.557,0.9319680098100285,industrial,industrial,demolish,1,0.4942,0.0,19698.958,0.0,0.0,787.958,1846518.7821287261,1234.9597515547935
10017,7034.748676859446,379.5593411259123,1,0.557,0.9319680098100285,industrial,industrial,defer,1,0.4942,98840.0,0.0,0.0,0.0,0.0,71304.6626745405,0.0
10018,702.2057261394307,108.64855158832893,4,0.309,1.0,mixed_use,residential,repair,1,0.5304,0.0,3662.537,27.469,1.831,18.313,275674.12295175577,181.60748889953908
10018,702.2057261394307,108.64855158832893,4,0.309,1.0,mixed_use,residential,rebuild,1,0.5304,0.0,10987.61,228.909,13.735,91.563,1041921.3328213871,656.945266263321
10018,702.2057261394307,108.64855158832893,4,0.309,1.0,mixed_use,residential,demolish,0,0.5304,0.0,1831.268,0.0,0.0,73.251,125463.50826345361,134.72464161123503
10018,702.2057261394307,108.64855158832893,4,0.309,1.0,mixed_use,residential,defer,1,0.5304,106080.0,0.0,0.0,0.0,0.0,7022.057261394307,0.0
10019,250.52393189427264,73.88254159245291,1,0.343,0.9938412251396453,residential,residential,repair,1,0.5658,0.0,1241.205,9.309,0.621,6.206,92848.97163571767,103.27765420560343
10019,250.52393189427264,73.88254159245291,1,0.343,0.9938412251396453,residential,residential,rebuild,1,0.5658,0.0,3723.615,77.575,4.655,31.03,346115.4992207334,216.39349994788063
10019,250.52393189427264,73.88254159245291,1,0.343,0.9938412251396453,residential,residential,demolish,0,0.5658,0.0,620.602,0.0,0.0,24.824,39592.53931065975,81.27991768576715
10019,250.52393189427264,73.88254159245291,1,0.343,0.9938412251396453,residential,residential,defer,1,0.5658,113160.0,0.0,0.0,0.0,0.0,2508.325159930061,0.0
10020,282.03005392956413,67.63912701969292,4,0.107,0.7769551986405675,residential,residential,repair,1,0.4242,0.0,1423.694,10.678,0.712,7.118,86998.44661072036,95.49010154816744
10020,282.03005392956413,67.63912701969292,4,0.107,0.7769551986405675,residential,residential,rebuild,1,0.4242,0.0,4271.081,88.981,5.339,35.592,332634.76734889764,221.58750446670234
10020,282.03005392956413,67.63912701969292,4,0.107,0.7769551986405675,residential,residential,demolish,0,0.4242,0.0,711.847,0.0,0.0,28.474,41016.85523153329,70.4473819233981
10020,282.03005392956413,67.63912701969292,4,0.107,0.7769551986405675,residential,residential,defer,1,0.4242,84840.0,0.0,0.0,0.0,0.0,2946.1112140078603,0.0
10021,621.8090166042685,100.1342927881269,4,0.849,0.7453767977453868,public,cultural,repair,0,0.8493999999999999,0.0,4497.685,33.733,2.249,22.488,571130.4031253625,268.5817815774233
10021,621.8090166042685,100.1342927881269,4,0.849,0.7453767977453868,public,cultural,rebuild,1,0.8493999999999999,0.0,13493.055,281.105,16.866,112.442,2148560.957143706,859.7371694976133
10021,621.8090166042685,100.1342927881269,4,0.849,0.7453767977453868,public,cultural,demolish,0,0.8493999999999999,0.0,2248.842,0.0,0.0,89.954,294194.6638902754,198.06437631422227
10021,621.8090166042685,100.1342927881269,4,0.849,0.7453767977453868,public,cultural,defer,1,0.8493999999999999,169880.0,0.0,0.0,0.0,0.0,6534.744172039827,0.0
10022,487.93389865619133,98.50692067529782,2,0.5,0.9473801541351347,mixed_use,residential,repair,1,0.645,0.0,2713.184,20.349,1.357,13.566,201697.94207824348,171.2043600299973
10022,487.93389865619133,98.50692067529782,2,0.5,0.9473801541351347,mixed_use,residential,rebuild,1,0.645,0.0,8139.552,169.574,10.174,67.83,814472.095182105,499.5396436169967
10022,487.93389865619133,98.50692067529782,2,0.5,0.9473801541351347,mixed_use,residential,demolish,0,0.645,0.0,1356.592,0.0,0.0,54.264,112551.09198625968,116.06450666389935
10022,487.93389865619133,98.50692067529782,2,0.5,0.9473801541351347,mixed_use,residential,defer,1,0.645,129000.0,0.0,0.0,0.0,0.0,4930.688999640977,0.0
10023,5167.353323438761,321.4827248647184,1,0.474,0.8581854029837968,industrial,industrial,repair,1,0.4444,0.0,28562.135,214.216,14.281,142.811,2950955.571182864,1538.8219710492233
10023,5167.353323438761,321.4827248647184,1,0.474,0.8581854029837968,industrial,industrial,rebuild,1,0.4444,0.0,85686.404,1785.133,107.108,714.053,11805634.937706098,5162.065215917007
10023,5167.353323438761,321.4827248647184,1,0.474,0.8581854029837968,industrial,industrial,demolish,0,0.4444,0.0,14281.067,0.0,0.0,571.243,1295147.2972012097,893.1356173525099
10023,5167.353323438761,321.4827248647184,1,0.474,0.8581854029837968,industrial,industrial,defer,1,0.4444,88880.0,0.0,0.0,0.0,0.0,53139.14549279523,0.0
10024,794.7275179198973,112.79588124860581,2,0.744,1.0,mixed_use,residential,repair,1,0.7913999999999999,0.0,4827.874,36.209,2.414,24.139,377441.07299880206,245.8885321727481
10024,794.7275179198973,112.79588124860581,2,0.744,1.0,mixed_use,residential,rebuild,1,0.7913999999999999,0.0,14483.623,301.742,18.105,120.697,1589831.6827423081,867.3050708756589
10024,794.7275179198973,112.79588124860581,2,0.744,1.0,mixed_use,residential,demolish,1,0.7913999999999999,0.0,2413.937,0.0,0.0,96.557,227814.21778518893,178.32049474487354
10024,794.7275179198973,112.79588124860581,2,0.744,1.0,mixed_use,residential,defer,1,0.7913999999999999,158279.99999999997,0.0,0.0,0.0,0.0,7947.275179198973,0.0
10025,1401.717021815077,160.361958044153,1,0.3,0.48425458122860066,public,cultural,repair,1,0.52,0.0,8005.643,60.042,4.003,40.028,852025.795016798,377.75513290525873
10025,1401.717021815077,160.361958044153,1,0.3,0.48425458122860066,public,cultural,rebuild,1,0.52,0.0,24016.929,500.353,30.021,200.141,3658262.076026047,1443.8787047159417
10025,1401.717021815077,160.361958044153,1,0.3,0.48425458122860066,public,cultural,demolish,0,0.52,0.0,4002.821,0.0,0.0,160.113,401921.41874617187,272.7705755988788
10025,1401.717021815077,160.361958044153,1,0.3,0.48425458122860066,public,cultural,defer,1,0.52,104000.0,0.0,0.0,0.0,0.0,15463.0284829808,0.0
10026,580.1265376924313,96.40907675274792,2,0.125,0.24429390300588694,mixed_use,residential,repair,1,0.42000000000000004,0.0,3312.061,24.84,1.656,16.56,227334.01578586246,168.07147009209632
10026,580.1265376924313,96.40907675274792,2,0.125,0.24429390300588694,mixed_use,residential,rebuild,1,0.42000000000000004,0.0,9936.183,207.004,12.42,82.802,1019616.9083300341,565.5832665103736
10026,580.1265376924313,96.40907675274792,2,0.125,0.24429390300588694,mixed_use,residential,demolish,0,0.42000000000000004,0.0,1656.031,0.0,0.0,66.241,130401.82045999682,119.8426988723669
10026,580.1265376924313,96.40907675274792,2,0.125,0.24429390300588694,mixed_use,residential,defer,1,0.42000000000000004,84000.00000000001,0.0,0.0,0.0,0.0,6678.075700048824,0.0
10027,209.82817195703205,66.49460967971183,5,0.109,0.7157295467935016,mixed_use,residential,repair,1,0.41040000000000004,0.0,1106.069,8.296,0.553,5.53,81894.68593571126,90.20351313409549
10027,209.82817195703205,66.49460967971183,5,0.109,0.7157295467935016,mixed_use,residential,rebuild,1,0.41040000000000004,0.0,3318.206,69.129,4.148,27.652,279167.9147303768,198.12718198865508
10027,209.82817195703205,66.49460967971183,5,0.109,0.7157295467935016,mixed_use,residential,demolish,0,0.41040000000000004,0.0,553.034,0.0,0.0,22.121,41983.83243886428,65.22584551639272
10027,209.82817195703205,66.49460967971183,5,0.109,0.7157295467935016,mixed_use,residential,defer,1,0.41040000000000004,82080.00000000001,0.0,0.0,0.0,0.0,2217.577618645754,0.0
10028,1715.7745012786017,178.7390618964741,4,0.221,1.0,commercial,commercial,repair,1,0.33259999999999995,0.0,8550.459,64.128,4.275,42.752,673082.6837635944,388.0963162106309
10028,1715.7745012786017,178.7390618964741,4,0.221,1.0,commercial,commercial,rebuild,1,0.33259999999999995,0.0,25651.378,534.404,32.064,213.761,3121034.768631814,1477.9827070070542
10028,1715.7745012786017,178.7390618964741,4,0.221,1.0,commercial,commercial,demolish,0,0.33259999999999995,0.0,4275.23,0.0,0.0,171.009,413563.8635368863,283.49243777773825
10028,1715.7745012786017,178.7390618964741,4,0.221,1.0,commercial,commercial,defer,1,0.33259999999999995,66519.99999999999,0.0,0.0,0.0,0.0,17157.745012786017,0.0
10029,6499.593775102629,332.0007703268593,1,0.323,1.0,industrial,industrial,repair,1,0.3538,0.0,31812.782,238.596,15.906,159.064,3213741.895429523,1678.9540992888426
10029,6499.593775102629,332.0007703268593,1,0.323,1.0,industrial,industrial,rebuild,1,0.3538,0.0,95438.345,1988.299,119.298,795.32,12438792.727263985,5524.2821620368195
10029,6499.593775102629,332.0007703268593,1,0.323,1.0,industrial,industrial,demolish,0,0.3538,0.0,15906.391,0.0,0.0,636.256,1528706.9625368183,994.7314166010437
10029,6499.593775102629,332.0007703268593,1,0.323,1.0,industrial,industrial,defer,1,0.3538,70760.0,0.0,0.0,0.0,0.0,64995.937751026286,0.0
10030,1169.425738280111,156.97183658387607,5,0.61,1.0,commercial,commercial,repair,1,0.5660000000000001,0.0,7188.46,53.913,3.594,35.942,707468.4803309436,389.5219582119075
10030,1169.425738280111,156.97183658387607,5,0.61,1.0,commercial,commercial,rebuild,1,0.5660000000000001,0.0,21565.38,449.279,26.957,179.712,2771400.431401177,1394.738611722387
10030,1169.425738280111,156.97183658387607,5,0.61,1.0,commercial,commercial,demolish,1,0.5660000000000001,0.0,3594.23,0.0,0.0,143.769,402852.46871695784,280.9199718463063
10030,1169.425738280111,156.97183658387607,5,0.61,1.0,commercial,commercial,defer,1,0.5660000000000001,113200.00000000001,0.0,0.0,0.0,0.0,11694.257382801112,0.0
10031,182.9681843046329,56.6366286998297,2,0.267,0.35708204091772777,residential,residential,repair,1,0.5202,0.0,1092.198,8.191,0.546,5.461,82891.99710550578,89.83140642063586
10031,182.9681843046329,56.6366286998297,2,0.267,0.35708204091772777,residential,residential,rebuild,1,0.5202,0.0,3276.594,68.262,4.096,27.305,306786.8046381029,207.16904768827044
10031,182.9681843046329,56.6366286998297,2,0.267,0.35708204091772777,residential,residential,demolish,0,0.5202,0.0,546.099,0.0,0.0,21.844,40298.37941907928,64.74959545542629
10031,182.9681843046329,56.6366286998297,2,0.267,0.35708204091772777,residential,residential,defer,1,0.5202,104040.0,0.0,0.0,0.0,0.0,2064.948906306576,0.0
10032,4743.685853588745,276.3291260708327,2,0.501,0.6301220606430289,mixed_use,public,repair,1,0.6756,0.0,29267.038,219.503,14.634,146.335,2822669.4914603867,1466.418928800068
10032,4743.685853588745,276.3291260708327,2,0.501,0.6301220606430289,mixed_use,public,rebuild,1,0.6756,0.0,87801.114,1829.19,109.751,731.676,10083608.613993358,4848.821364260564
10032,4743.685853588745,276.3291260708327,2,0.501,0.6301220606430289,mixed_use,public,demolish,1,0.6756,0.0,14633.519,0.0,0.0,585.341,1234428.2558072063,864.3349241433677
10032,4743.685853588745,276.3291260708327,2,0.501,0.6301220606430289,mixed_use,public,defer,1,0.6756,135120.0,0.0,0.0,0.0,0.0,50946.028032851886,0.0
10033,1881.930196664453,187.14363427829036,5,0.955,0.682623165249779,mixed_use,commercial,repair,0,0.798,0.0,14800.992,111.007,7.4,74.005,1289055.133716608,820.3333195136049
10033,1881.930196664453,187.14363427829036,5,0.955,0.682623165249779,mixed_use,commercial,rebuild,1,0.798,0.0,44402.975,925.062,55.504,370.025,5123825.123327453,2743.659119977397
10033,1881.930196664453,187.14363427829036,5,0.955,0.682623165249779,mixed_use,commercial,demolish,1,0.798,0.0,7400.496,0.0,0.0,296.02,641817.9930641862,482.7672123801549
10033,1881.930196664453,187.14363427829036,5,0.955,0.682623165249779,mixed_use,commercial,defer,1,0.798,159600.0,0.0,0.0,0.0,0.0,20013.86406472098,0.0
10034,98.11415007414016,39.71503358013483,4,0.086,0.9504770112976021,residential,residential,repair,1,0.4116,0.0,461.847,3.464,0.231,2.309,39567.00711849029,73.35155972272673
10034,98.11415007414016,39.71503358013483,4,0.086,0.9504770112976021,residential,residential,rebuild,1,0.4116,0.0,1385.541,28.865,1.732,11.546,131177.55339381867,140.29696460414016
10034,98.11415007414016,39.71503358013483,4,0.086,0.9504770112976021,residential,residential,demolish,0,0.4116,0.0,230.923,0.0,0.0,9.237,10777.09721779218,52.58451118525966
10034,98.11415007414016,39.71503358013483,4,0.086,0.9504770112976021,residential,residential,defer,1,0.4116,82320.0,0.0,0.0,0.0,0.0,990.8593126327355,0.0
10035,441.9520223091054,84.33705843718712,7,0.891,0.37590251889319803,mixed_use,residential,repair,0,0.8795999999999999,0.0,3883.92,29.129,1.942,19.42,322571.3038496742,196.74980376352568
10035,441.9520223091054,84.33705843718712,7,0.891,0.37590251889319803,mixed_use,residential,rebuild,1,0.8795999999999999,0.0,11651.759,242.745,14.565,97.098,1251955.828536134,684.2907718490262
10035,441.9520223091054,84.33705843718712,7,0.891,0.37590251889319803,mixed_use,residential,demolish,1,0.8795999999999999,0.0,1941.96,0.0,0.0,77.678,161688.18440509227,152.00325765688984
10035,441.9520223091054,84.33705843718712,7,0.891,0.37590251889319803,mixed_use,residential,defer,1,0.8795999999999999,175920.0,0.0,0.0,0.0,0.0,4971.162510877394,0.0
10036,385.28221934933873,89.74346104288529,4,0.186,0.1630418606176095,residential,residential,repair,1,0.4716,0.0,2436.447,18.273,1.218,12.182,172798.58729657368,147.59249737493315
10036,385.28221934933873,89.74346104288529,4,0.186,0.1630418606176095,residential,residential,rebuild,1,0.4716,0.0,7309.341,152.278,9.137,60.911,631035.7978290898,403.7617845695788
10036,385.28221934933873,89.74346104288529,4,0.186,0.1630418606176095,residential,residential,demolish,0,0.4716,0.0,1218.224,0.0,0.0,48.729,80162.27766574966,94.63268558240327
10036,385.28221934933873,89.74346104288529,4,0.186,0.1630418606176095,residential,residential,defer,1,0.4716,94320.0,0.0,0.0,0.0,0.0,4497.752372380869,0.0
10037,2616.5156438942804,204.92897402591063,3,0.072,0.7282467542240748,historical,cultural,repair,1,0.3632,0.0,12853.416,96.401,6.427,64.267,1595905.166609446,684.585380333764
10037,2616.5156438942804,204.92897402591063,3,0.072,0.7282467542240748,historical,cultural,rebuild,1,0.3632,0.0,38560.247,803.338,48.2,321.335,6532666.855319808,2325.1927357116256
10037,2616.5156438942804,204.92897402591063,3,0.072,0.7282467542240748,historical,cultural,demolish,0,0.3632,0.0,6426.708,0.0,0.0,257.068,828013.5624984221,441.92571268889867
10037,2616.5156438942804,204.92897402591063,3,0.072,0.7282467542240748,historical,cultural,defer,1,0.3632,72640.0,0.0,0.0,0.0,0.0,27587.249676646315,0.0
10038,489.2990476575702,94.32184308133803,7,0.414,1.0,mixed_use,residential,repair,1,0.5933999999999999,0.0,2870.952,21.532,1.435,14.355,212277.6526148438,170.5149362752107
10038,489.2990476575702,94.32184308133803,7,0.414,1.0,mixed_use,residential,rebuild,1,0.5933999999999999,0.0,8612.857,179.435,10.766,71.774,849089.9363981562,523.3059562201308
10038,489.2990476575702,94.32184308133803,7,0.414,1.0,mixed_use,residential,demolish,0,0.5933999999999999,0.0,1435.476,0.0,0.0,57.419,121048.02776803914,117.61691537437582
10038,489.2990476575702,94.32184308133803,7,0.414,1.0,mixed_use,residential,defer,1,0.5933999999999999,118679.99999999999,0.0,0.0,0.0,0.0,4892.990476575702,0.0
10039,1579.5303567109258,162.81707247586846,3,0.45,0.5516814258347076,historical,cultural,repair,1,0.5900000000000001,0.0,9979.305,74.845,4.99,49.897,1314019.2652240475,514.2213957043493
10039,1579.5303567109258,162.81707247586846,3,0.45,0.5516814258347076,historical,cultural,rebuild,1,0.5900000000000001,0.0,29937.915,623.707,37.422,249.483,5279747.52978296,1768.993621695395
10039,1579.5303567109258,162.81707247586846,3,0.45,0.5516814258347076,historical,cultural,demolish,0,0.5900000000000001,0.0,4989.652,0.0,0.0,199.586,636115.3356405596,328.19318144734154
10039,1579.5303567109258,162.81707247586846,3,0.45,0.5516814258347076,historical,cultural,defer,1,0.5900000000000001,118000.00000000001,0.0,0.0,0.0,0.0,17211.569161852134,0.0
10040,611.3607948319658,99.39455772927673,1,0.547,0.40017076868968326,mixed_use,residential,repair,1,0.6732,0.0,4028.18,30.211,2.014,20.141,298701.88580321043,199.61028703907084
10040,611.3607948319658,99.39455772927673,1,0.547,0.40017076868968326,mixed_use,residential,rebuild,1,0.6732,0.0,12084.539,251.761,15.106,100.704,1247327.2391790198,719.0682301621804
10040,611.3607948319658,99.39455772927673,1,0.547,0.40017076868968326,mixed_use,residential,demolish,1,0.6732,0.0,2014.09,0.0,0.0,80.564,141144.03270215262,140.14934522775434
10040,611.3607948319658,99.39455772927673,1,0.547,0.40017076868968326,mixed_use,residential,defer,1,0.6732,134640.0,0.0,0.0,0.0,0.0,6847.032099554303,0.0
10041,694.8557153812623,107.01642184886134,2,0.495,0.6062214219751689,residential,residential,repair,1,0.6569999999999999,0.0,4306.837,32.301,2.153,21.534,283611.6771472823,206.86350825520225
10041,694.8557153812623,107.01642184886134,2,0.495,0.6062214219751689,residential,residential,rebuild,1,0.6569999999999999,0.0,12920.511,269.177,16.151,107.671,1159974.290568039,774.6254396476029
10041,694.8557153812623,107.01642184886134,2,0.495,0.6062214219751689,residential,residential,demolish,0,0.6569999999999999,0.0,2153.418,0.0,0.0,86.137,123561.11062878277,149.17834603977929
10041,694.8557153812623,107.01642184886134,2,0.495,0.6062214219751689,residential,residential,defer,1,0.6569999999999999,131399.99999999997,0.0,0.0,0.0,0.0,7495.795744883143,0.0
10042,2275.5261770570405,190.81074024609228,4,0.124,0.7183297048647739,mixed_use,commercial,repair,1,0.2994,0.0,11817.729,88.633,5.909,59.089,989614.4740149531,622.2404395473131
10042,2275.5261770570405,190.81074024609228,4,0.124,0.7183297048647739,mixed_use,commercial,rebuild,1,0.2994,0.0,35453.186,738.608,44.316,295.443,3816096.3885601335,1967.0270907603397
10042,2275.5261770570405,190.81074024609228,4,0.124,0.7183297048647739,mixed_use,commercial,demolish,0,0.2994,0.0,5908.864,0.0,0.0,236.355,485346.45778735226,395.38171249138867
10042,2275.5261770570405,190.81074024609228,4,0.124,0.7183297048647739,mixed_use,commercial,defer,1,0.2994,59880.0,0.0,0.0,0.0,0.0,24037.15803032958,0.0
10043,991.9667066605632,126.13810739013718,2,0.398,0.7527783788814695,mixed_use,residential,repair,1,0.5838000000000001,0.0,5607.746,42.058,2.804,28.039,463251.866455456,308.7857329552952
10043,991.9667066605632,126.13810739013718,2,0.398,0.7527783788814695,mixed_use,residential,rebuild,1,0.5838000000000001,0.0,16823.238,350.484,21.029,140.194,1707187.4976041552,961.5435051094885
10043,991.9667066605632,126.13810739013718,2,0.398,0.7527783788814695,mixed_use,residential,demolish,0,0.5838000000000001,0.0,2803.873,0.0,0.0,112.155,251646.12573153456,210.60322022360333
10043,991.9667066605632,126.13810739013718,2,0.398,0.7527783788814695,mixed_use,residential,defer,1,0.5838000000000001,116760.00000000001,0.0,0.0,0.0,0.0,10410.138301238101,0.0
10044,619.767846066949,99.648783346743,3,0.189,0.9689144501180021,residential,residential,repair,1,0.47340000000000004,0.0,2999.496,22.496,1.5,14.997,173733.00069973548,159.22415632505914
10044,619.767846066949,99.648783346743,3,0.189,0.9689144501180021,residential,residential,rebuild,1,0.47340000000000004,0.0,8998.488,187.469,11.248,74.987,722406.5858833705,512.118332961652
10044,619.767846066949,99.648783346743,3,0.189,0.9689144501180021,residential,residential,demolish,0,0.47340000000000004,0.0,1499.748,0.0,0.0,59.99,95532.44344630209,106.79650677726477
10044,619.767846066949,99.648783346743,3,0.189,0.9689144501180021,residential,residential,defer,1,0.47340000000000004,94680.00000000001,0.0,0.0,0.0,0.0,6236.210109257834,0.0
10045,222.1648782707004,61.38787993683749,1,0.769,0.654401958754842,residential,residential,repair,1,0.8214,0.0,1492.17,11.191,0.746,7.461,102275.22082501766,117.70071691793771
10045,222.1648782707004,61.38787993683749,1,0.769,0.654401958754842,residential,residential,rebuild,1,0.8214,0.0,4476.509,93.261,5.596,37.304,441020.4116830594,309.28351812967156
10045,222.1648782707004,61.38787993683749,1,0.769,0.654401958754842,residential,residential,demolish,1,0.8214,0.0,746.085,0.0,0.0,29.843,64107.47614100692,92.18973814456763
10045,222.1648782707004,61.38787993683749,1,0.769,0.654401958754842,residential,residential,defer,1,0.8214,164280.0,0.0,0.0,0.0,0.0,2375.20827623465,0.0
10046,315.05180483442007,81.76898899690117,8,0.189,0.637967313943778,mixed_use,residential,repair,1,0.45840000000000003,0.0,1897.086,14.228,0.949,9.485,142506.1432808335,124.00435217272366
10046,315.05180483442007,81.76898899690117,8,0.189,0.637967313943778,mixed_use,residential,rebuild,1,0.45840000000000003,0.0,5691.259,118.568,7.114,47.427,541943.7581160425,364.5244151244771
10046,315.05180483442007,81.76898899690117,8,0.189,0.637967313943778,mixed_use,residential,demolish,0,0.45840000000000003,0.0,948.543,0.0,0.0,37.942,76346.43000507727,98.15470445195649
10046,315.05180483442007,81.76898899690117,8,0.189,0.637967313943778,mixed_use,residential,defer,1,0.45840000000000003,91680.0,0.0,0.0,0.0,0.0,3378.636150646332,0.0
10047,1727.7268641587416,166.39069948682982,6,0.266,0.8348671707394881,mixed_use,commercial,repair,1,0.3846,0.0,9748.622,73.115,4.874,48.743,889602.2668271223,484.4896401223799
10047,1727.7268641587416,166.39069948682982,6,0.266,0.8348671707394881,mixed_use,commercial,rebuild,1,0.3846,0.0,29245.867,609.289,36.557,243.716,3153280.6679709745,1707.7245487560106
10047,1727.7268641587416,166.39069948682982,6,0.266,0.8348671707394881,mixed_use,commercial,demolish,0,0.3846,0.0,4874.311,0.0,0.0,194.972,371438.801977618,312.9744912675198
10047,1727.7268641587416,166.39069948682982,6,0.266,0.8348671707394881,mixed_use,commercial,defer,1,0.3846,76920.0,0.0,0.0,0.0,0.0,17847.877492123265,0.0
10048,4740.99662918399,346.30801897754486,1,0.123,1.0,industrial,industrial,repair,1,0.23379999999999998,0.0,20872.617,156.545,10.436,104.363,2039304.604127848,1233.8507659577424
10048,4740.99662918399,346.30801897754486,1,0.123,1.0,industrial,industrial,rebuild,1,0.23379999999999998,0.0,62617.851,1304.539,78.272,521.815,8140451.184044016,3675.4945475557406
10048,4740.99662918399,346.30801897754486,1,0.123,1.0,industrial,industrial,demolish,0,0.23379999999999998,0.0,10436.308,0.0,0.0,417.452,1017358.0123536842,682.4068684402862
10048,4740.99662918399,346.30801897754486,1,0.123,1.0,industrial,industrial,defer,1,0.23379999999999998,46759.99999999999,0.0,0.0,0.0,0.0,47409.9662918399,0.0
10049,620.7821399791219,99.69525803835147,3,0.218,0.7556453993111536,mixed_use,residential,repair,1,0.47580000000000006,0.0,3276.672,24.575,1.638,16.383,222502.20688120637,166.77593094490624
10049,620.7821399791219,99.69525803835147,3,0.218,0.7556453993111536,mixed_use,residential,rebuild,1,0.47580000000000006,0.0,9830.015,204.792,12.288,81.917,956969.5450380011,565.6921193743344
10049,620.7821399791219,99.69525803835147,3,0.218,0.7556453993111536,mixed_use,residential,demolish,0,0.47580000000000006,0.0,1638.336,0.0,0.0,65.533,127274.85741354455,118.79897585623235
10049,620.7821399791219,99.69525803835147,3,0.218,0.7556453993111536,mixed_use,residential,defer,1,0.47580000000000006,95160.00000000001,0.0,0.0,0.0,0.0,6511.2033436499505,0.0
10050,795.3831037162422,113.26500604663946,2,0.384,0.6590114714375749,historical,cultural,repair,1,0.5504,0.0,4600.831,34.506,2.3,23.004,622831.5821301563,256.5287252588816
10050,795.3831037162422,113.26500604663946,2,0.384,0.6590114714375749,historical,cultural,rebuild,1,0.5504,0.0,13802.494,287.552,17.253,115.021,2518932.752227203,888.8274919581545
10050,795.3831037162422,113.26500604663946,2,0.384,0.6590114714375749,historical,cultural,demolish,0,0.5504,0.0,2300.416,0.0,0.0,92.017,325317.2346214615,196.47253183655442
10050,795.3831037162422,113.26500604663946,2,0.384,0.6590114714375749,historical,cultural,defer,1,0.5504,110080.0,0.0,0.0,0.0,0.0,8496.264065521655,0.0
10051,505.53571727781275,92.74455596314867,2,0.771,0.9715644500822068,mixed_use,residential,repair,1,0.8076000000000001,0.0,3136.372,23.523,1.568,15.682,214945.08124739258,184.3686418204254
10051,505.53571727781275,92.74455596314867,2,0.771,0.9715644500822068,mixed_use,residential,rebuild,1,0.8076000000000001,0.0,9409.117,196.023,11.761,78.409,1010298.8445122901,603.9587574582793
10051,505.53571727781275,92.74455596314867,2,0.771,0.9715644500822068,mixed_use,residential,demolish,1,0.8076000000000001,0.0,1568.186,0.0,0.0,62.727,126090.96495763725,127.13835130982045
10051,505.53571727781275,92.74455596314867,2,0.771,0.9715644500822068,mixed_use,residential,defer,1,0.8076000000000001,161520.00000000003,0.0,0.0,0.0,0.0,5084.107545025889,0.0
10052,1742.2182311986817,189.02386131468907,3,0.812,1.0,mixed_use,commercial,repair,0,0.7121999999999999,0.0,11141.416,83.561,5.571,55.707,1014579.0474018382,655.9802028241646
10052,1742.2182311986817,189.02386131468907,3,0.812,1.0,mixed_use,commercial,rebuild,1,0.7121999999999999,0.0,33424.248,696.338,41.78,278.535,4138470.3406548267,1998.2616475022628
10052,1742.2182311986817,189.02386131468907,3,0.812,1.0,mixed_use,commercial,demolish,1,0.7121999999999999,0.0,5570.708,0.0,0.0,222.828,503944.75598705094,435.03302088443866
10052,1742.2182311986817,189.02386131468907,3,0.812,1.0,mixed_use,commercial,defer,1,0.7121999999999999,142440.0,0.0,0.0,0.0,0.0,17422.182311986817,0.0
10053,835.6943993982768,115.64932545518334,6,0.676,0.929566567080387,residential,residential,repair,1,0.7656,0.0,5536.602,41.525,2.768,27.683,402565.6282733913,303.4177318833395
10053,835.6943993982768,115.64932545518334,6,0.676,0.929566567080387,residential,residential,rebuild,1,0.7656,0.0,16609.807,346.038,20.762,138.415,1559771.150704047,944.787453667217
10053,835.6943993982768,115.64932545518334,6,0.676,0.929566567080387,residential,residential,demolish,1,0.7656,0.0,2768.301,0.0,0.0,110.732,202937.94721956667,195.50123819060656
10053,835.6943993982768,115.64932545518334,6,0.676,0.929566567080387,residential,residential,defer,1,0.7656,153120.0,0.0,0.0,0.0,0.0,8474.665644825398,0.0
10054,5184.763716359586,288.07483389279514,4,0.263,1.0,mixed_use,public,repair,1,0.5327999999999999,0.0,26412.845,198.096,13.206,132.064,2343758.416660359,1417.2765538049648
10054,5184.763716359586,288.07483389279514,4,0.263,1.0,mixed_use,public,rebuild,1,0.5327999999999999,0.0,79238.536,1650.803,99.048,660.321,8833412.818541735,4620.551923966542
10054,5184.763716359586,288.07483389279514,4,0.263,1.0,mixed_use,public,demolish,0,0.5327999999999999,0.0,13206.423,0.0,0.0,528.257,1019670.8354178624,805.321505515453
10054,5184.763716359586,288.07483389279514,4,0.263,1.0,mixed_use,public,defer,1,0.5327999999999999,106559.99999999999,0.0,0.0,0.0,0.0,51847.637163595864,0.0
10055,304.21347343153843,72.24678266572269,2,0.283,0.869581468025873,mixed_use,residential,repair,1,0.5147999999999999,0.0,1562.875,11.722,0.781,7.814,122779.4364556314,106.31907225209466
10055,304.21347343153843,72.24678266572269,2,0.283,0.869581468025873,mixed_use,residential,rebuild,1,0.5147999999999999,0.0,4688.625,97.68,5.861,39.072,418049.6404046671,278.4943000390419
10055,304.21347343153843,72.24678266572269,2,0.283,0.869581468025873,mixed_use,residential,demolish,0,0.5147999999999999,0.0,781.437,0.0,0.0,31.257,62998.75382154039,80.86099835467815
10055,304.21347343153843,72.24678266572269,2,0.283,0.869581468025873,mixed_use,residential,defer,1,0.5147999999999999,102959.99999999999,0.0,0.0,0.0,0.0,3121.484883538767,0.0
10056,411.9389965596978,88.78170735400553,6,0.213,0.9641607306639444,mixed_use,residential,repair,1,0.47280000000000005,0.0,2163.897,16.229,1.082,10.819,155030.10028903233,117.53319535799358
10056,411.9389965596978,88.78170735400553,6,0.213,0.9641607306639444,mixed_use,residential,rebuild,1,0.47280000000000005,0.0,6491.692,135.244,8.115,54.097,574154.2937207915,361.99937599475015
10056,411.9389965596978,88.78170735400553,6,0.213,0.9641607306639444,mixed_use,residential,demolish,0,0.47280000000000005,0.0,1081.949,0.0,0.0,43.278,68024.31991626206,92.518508707205
10056,411.9389965596978,88.78170735400553,6,0.213,0.9641607306639444,mixed_use,residential,defer,1,0.47280000000000005,94560.00000000001,0.0,0.0,0.0,0.0,4148.917150892433,0.0
10057,4890.9321957424,280.9943315088325,4,0.112,0.997784759022166,public,public,repair,1,0.46719999999999995,0.0,22984.059,172.38,11.492,114.92,2263718.026777391,1287.4806101792913
10057,4890.9321957424,280.9943315088325,4,0.112,0.997784759022166,public,public,rebuild,1,0.46719999999999995,0.0,68952.177,1436.504,86.19,574.601,8482734.616544373,4118.91170545654
10057,4890.9321957424,280.9943315088325,4,0.112,0.997784759022166,public,public,demolish,0,0.46719999999999995,0.0,11492.03,0.0,0.0,459.681,995566.3927848451,713.5455528214787
10057,4890.9321957424,280.9943315088325,4,0.112,0.997784759022166,public,public,defer,1,0.46719999999999995,93439.99999999999,0.0,0.0,0.0,0.0,48930.99114426364,0.0
10058,1320.3129733557084,166.88078935788752,5,0.7,0.9998935761532862,commercial,commercial,repair,1,0.62,0.0,8437.114,63.278,4.219,42.186,765604.2052644794,419.09653323625656
10058,1320.3129733557084,166.88078935788752,5,0.7,0.9998935761532862,commercial,commercial,rebuild,1,0.62,0.0,25311.342,527.32,31.639,210.928,3338312.8720519,1568.2294485462755
10058,1320.3129733557084,166.88078935788752,5,0.7,0.9998935761532862,commercial,commercial,demolish,1,0.62,0.0,4218.557,0.0,0.0,168.742,455571.24130606,299.4558525893771
10058,1320.3129733557084,166.88078935788752,5,0.7,0.9998935761532862,commercial,commercial,defer,1,0.62,124000.0,0.0,0.0,0.0,0.0,13203.410759128068,0.0
10059,14036.32443101405,474.47764073190575,1,0.779,1.0,industrial,industrial,repair,1,0.6274,0.0,84447.3,633.355,42.224,422.237,7330412.175818529,3733.9791725851633
10059,14036.32443101405,474.47764073190575,1,0.779,1.0,industrial,industrial,rebuild,1,0.6274,0.0,253341.9,5277.956,316.677,2111.183,25486859.814617936,11253.92279460364
10059,14036.32443101405,474.47764073190575,1,0.779,1.0,industrial,industrial,demolish,1,0.6274,0.0,42223.65,0.0,0.0,1688.946,2893489.5090055503,1810.5697732509745
10059,14036.32443101405,474.47764073190575,1,0.779,1.0,industrial,industrial,defer,1,0.6274,125479.99999999999,0.0,0.0,0.0,0.0,140363.2443101405,0.0
10060,449.7067904306218,91.26691199464099,4,0.419,0.7687870273015672,mixed_use,residential,repair,1,0.5964,0.0,2676.539,20.074,1.338,13.383,210256.42252260924,167.5972381635969
10060,449.7067904306218,91.26691199464099,4,0.419,0.7687870273015672,mixed_use,residential,rebuild,1,0.5964,0.0,8029.618,167.284,10.037,66.913,810602.8019087316,489.8920730285689
10060,449.7067904306218,91.26691199464099,4,0.419,0.7687870273015672,mixed_use,residential,demolish,0,0.5964,0.0,1338.27,0.0,0.0,53.531,116713.19838436041,109.88685756019333
10060,449.7067904306218,91.26691199464099,4,0.419,0.7687870273015672,mixed_use,residential,defer,1,0.5964,119280.00000000001,0.0,0.0,0.0,0.0,4705.0239920224885,0.0
10061,495.19967829222776,96.26632332399758,2,0.081,0.36188026121600114,residential,residential,repair,1,0.4086,0.0,2668.009,20.01,1.334,13.34,183733.6579208651,159.3420593703471
10061,495.19967829222776,96.26632332399758,2,0.081,0.36188026121600114,residential,residential,rebuild,1,0.4086,0.0,8004.028,166.751,10.005,66.7,732525.5511148248,463.06245213594855
10061,495.19967829222776,96.26632332399758,2,0.081,0.36188026121600114,residential,residential,demolish,0,0.4086,0.0,1334.005,0.0,0.0,53.36,100090.41383973183,103.22020417512158
10061,495.19967829222776,96.26632332399758,2,0.081,0.36188026121600114,residential,residential,defer,1,0.4086,81720.0,0.0,0.0,0.0,0.0,5583.990161637791,0.0
10062,699.3580945475844,105.79358878332334,2,0.138,0.46522636865758016,mixed_use,residential,repair,1,0.4278,0.0,3775.812,28.319,1.888,18.879,265741.078032388,184.43774874586734
10062,699.3580945475844,105.79358878332334,2,0.138,0.46522636865758016,mixed_use,residential,rebuild,1,0.4278,0.0,11327.435,235.988,14.159,94.395,1047324.4114795501,671.2144294393162
10062,699.3580945475844,105.79358878332334,2,0.138,0.46522636865758016,mixed_use,residential,demolish,0,0.4278,0.0,1887.906,0.0,0.0,75.516,115396.79689913825,132.84163663782743
10062,699.3580945475844,105.79358878332334,2,0.138,0.46522636865758016,mixed_use,residential,defer,1,0.4278,85560.0,0.0,0.0,0.0,0.0,7741.577481135698,0.0
10063,458.27385171172995,90.62586011729994,8,0.579,0.6455908721546042,mixed_use,residential,repair,1,0.6923999999999999,0.0,3331.546,24.987,1.666,16.658,241297.38827138767,187.7062476332208
10063,458.27385171172995,90.62586011729994,8,0.579,0.6455908721546042,mixed_use,residential,rebuild,1,0.6923999999999999,0.0,9994.639,208.222,12.493,83.289,1049333.8630003363,600.9846139584661
10063,458.27385171172995,90.62586011729994,8,0.579,0.6455908721546042,mixed_use,residential,demolish,1,0.6923999999999999,0.0,1665.773,0.0,0.0,66.631,137636.37571424758,145.5333444207675
10063,458.27385171172995,90.62586011729994,8,0.579,0.6455908721546042,mixed_use,residential,defer,1,0.6923999999999999,138479.99999999997,0.0,0.0,0.0,0.0,4907.571389316307,0.0
10064,6858.232989706168,331.4646803712823,1,0.059,1.0,industrial,industrial,repair,1,0.1954,0.0,29114.159,218.356,14.557,145.571,2651858.2396789496,1495.9647694865484
10064,6858.232989706168,331.4646803712823,1,0.059,1.0,industrial,industrial,rebuild,1,0.1954,0.0,87342.478,1819.635,109.178,727.854,10761503.48767695,5140.069623095309
10064,6858.232989706168,331.4646803712823,1,0.059,1.0,industrial,industrial,demolish,0,0.1954,0.0,14557.08,0.0,0.0,582.283,1274197.1752326984,877.9111254749416
10064,6858.232989706168,331.4646803712823,1,0.059,1.0,industrial,industrial,defer,1,0.1954,39080.0,0.0,0.0,0.0,0.0,68582.32989706169,0.0
10065,964.807874700509,125.13831189069529,6,0.766,0.44729966131034415,mixed_use,residential,repair,1,0.8046,0.0,7730.988,57.982,3.865,38.655,577920.769825815,353.4273006313155
10065,964.807874700509,125.13831189069529,6,0.766,0.44729966131034415,mixed_use,residential,rebuild,1,0.8046,0.0,23192.963,483.187,28.991,193.275,2262099.4057429093,1334.5263724938086
10065,964.807874700509,125.13831189069529,6,0.766,0.44729966131034415,mixed_use,residential,demolish,1,0.8046,0.0,3865.494,0.0,0.0,154.62,277509.7937167253,244.4893049938874
10065,964.807874700509,125.13831189069529,6,0.766,0.44729966131034415,mixed_use,residential,defer,1,0.8046,160920.0,0.0,0.0,0.0,0.0,10714.578025239927,0.0
10066,739.0797961490113,108.87654950633859,5,0.775,0.327231899645836,mixed_use,residential,repair,1,0.81,0.0,6019.678,45.148,3.01,30.098,470635.3978113602,303.3992586297163
10066,739.0797961490113,108.87654950633859,5,0.775,0.327231899645836,mixed_use,residential,rebuild,1,0.81,0.0,18059.034,376.23,22.574,150.492,1723905.9542221343,927.4633959822911
10066,739.0797961490113,108.87654950633859,5,0.775,0.327231899645836,mixed_use,residential,demolish,1,0.81,0.0,3009.839,0.0,0.0,120.394,237122.41442774632,196.67962949175944
10066,739.0797961490113,108.87654950633859,5,0.775,0.327231899645836,mixed_use,residential,defer,1,0.81,162000.0,0.0,0.0,0.0,0.0,8385.25658242074,0.0
10067,317.7382470729857,72.3479990086587,2,0.747,0.4992877665516431,mixed_use,residential,repair,1,0.7931999999999999,0.0,2271.315,17.035,1.136,11.357,176033.34521674085,157.80327790542918
10067,317.7382470729857,72.3479990086587,2,0.747,0.4992877665516431,mixed_use,residential,rebuild,1,0.7931999999999999,0.0,6813.944,141.957,8.517,56.783,701871.3097811094,413.7129069812025
10067,317.7382470729857,72.3479990086587,2,0.747,0.4992877665516431,mixed_use,residential,demolish,1,0.7931999999999999,0.0,1135.657,0.0,0.0,45.426,85937.7215377735,107.0852553920464
10067,317.7382470729857,72.3479990086587,2,0.747,0.4992877665516431,mixed_use,residential,defer,1,0.7931999999999999,158639.99999999997,0.0,0.0,0.0,0.0,3495.5733254176184,0.0
10068,767.4569126972816,112.61541454441958,2,0.791,1.0,public,public,repair,1,0.8745999999999999,0.0,4753.106,35.648,2.377,23.766,595281.3815367938,280.3362890538389
10068,767.4569126972816,112.61541454441958,2,0.791,1.0,public,public,rebuild,1,0.8745999999999999,0.0,14259.319,297.069,17.824,118.828,2064399.4493244202,958.7377045989925
10068,767.4569126972816,112.61541454441958,2,0.791,1.0,public,public,demolish,1,0.8745999999999999,0.0,2376.553,0.0,0.0,95.062,356593.48465576174,212.85743534609838
10068,767.4569126972816,112.61541454441958,2,0.791,1.0,public,public,defer,1,0.8745999999999999,174920.0,0.0,0.0,0.0,0.0,7674.569126972816,0.0
10069,440.3569385583669,87.88517271891419,3,0.079,0.6067647150935634,residential,residential,repair,1,0.40740000000000004,0.0,2256.253,16.922,1.128,11.281,141047.31596350158,138.36001972917734
10069,440.3569385583669,87.88517271891419,3,0.079,0.6067647150935634,residential,residential,rebuild,1,0.40740000000000004,0.0,6768.759,141.016,8.461,56.406,532242.9195345172,362.37564266230095
10069,440.3569385583669,87.88517271891419,3,0.079,0.6067647150935634,residential,residential,demolish,0,0.40740000000000004,0.0,1128.127,0.0,0.0,45.125,59097.69933000533,89.28982647733346
10069,440.3569385583669,87.88517271891419,3,0.079,0.6067647150935634,residential,residential,defer,1,0.40740000000000004,81480.00000000001,0.0,0.0,0.0,0.0,4749.89715797272,0.0
10070,242.31660031848241,62.69112362364798,3,0.534,0.38741420693445483,mixed_use,residential,repair,1,0.6654,0.0,1670.785,12.531,0.835,8.354,133123.81723423023,112.37135676372418
10070,242.31660031848241,62.69112362364798,3,0.534,0.38741420693445483,mixed_use,residential,rebuild,1,0.6654,0.0,5012.356,104.424,6.265,41.77,528386.9374284352,341.2632451390769
10070,242.31660031848241,62.69112362364798,3,0.534,0.38741420693445483,mixed_use,residential,demolish,1,0.6654,0.0,835.393,0.0,0.0,33.416,73331.30287217279,89.90750808751272
10070,242.31660031848241,62.69112362364798,3,0.534,0.38741420693445483,mixed_use,residential,defer,1,0.6654,133080.0,0.0,0.0,0.0,0.0,2720.045416742913,0.0
10071,182.58343034920708,54.20449546884903,4,0.462,0.04477131391083111,residential,residential,repair,1,0.6372,0.0,1369.103,10.268,0.685,6.846,108481.22917106631,103.73154200915371
10071,182.58343034920708,54.20449546884903,4,0.462,0.04477131391083111,residential,residential,rebuild,1,0.6372,0.0,4107.31,85.569,5.134,34.228,368510.272236475,246.2512613401865
10071,182.58343034920708,54.20449546884903,4,0.462,0.04477131391083111,residential,residential,demolish,0,0.6372,0.0,684.552,0.0,0.0,27.382,50966.835894898046,82.10563172769469
10071,182.58343034920708,54.20449546884903,4,0.462,0.04477131391083111,residential,residential,defer,1,0.6372,127440.0,0.0,0.0,0.0,0.0,2174.6521640403234,0.0
10072,533.9847737642278,97.2550995942552,5,0.32,0.219714479571271,residential,residential,repair,1,0.552,0.0,3646.533,27.349,1.823,18.233,260537.77207083616,179.2930574335358
10072,533.9847737642278,97.2550995942552,5,0.32,0.219714479571271,residential,residential,rebuild,1,0.552,0.0,10939.599,227.908,13.674,91.163,1032178.579081533,617.0374041034046
10072,533.9847737642278,97.2550995942552,5,0.32,0.219714479571271,residential,residential,demolish,0,0.552,0.0,1823.266,0.0,0.0,72.931,116548.71170873265,129.3260872864018
10072,533.9847737642278,97.2550995942552,5,0.32,0.219714479571271,residential,residential,defer,1,0.552,110400.00000000001,0.0,0.0,0.0,0.0,6173.168911837553,0.0
10073,2935.682837432645,224.06691113053034,2,0.68,0.7174030890422941,mixed_use,public,repair,1,0.7829999999999999,0.0,19077.558,143.082,9.539,95.388,1824104.2612980239,1056.7582437499398
10073,2935.682837432645,224.06691113053034,2,0.68,0.7174030890422941,mixed_use,public,rebuild,1,0.7829999999999999,0.0,57232.673,1192.347,71.541,476.939,6694139.748971103,3425.9000948396833
10073,2935.682837432645,224.06691113053034,2,0.68,0.7174030890422941,mixed_use,public,demolish,1,0.7829999999999999,0.0,9538.779,0.0,0.0,381.551,849216.681234187,599.9526960602236
10073,2935.682837432645,224.06691113053034,2,0.68,0.7174030890422941,mixed_use,public,defer,1,0.7829999999999999,156599.99999999997,0.0,0.0,0.0,0.0,31016.058177146493,0.0
10074,612.327850137914,101.31540990983726,2,0.748,0.93665554402739,mixed_use,residential,repair,1,0.7938000000000001,0.0,3808.598,28.564,1.904,19.043,285638.0386365389,201.98704400018795
10074,612.327850137914,101.31540990983726,2,0.748,0.93665554402739,mixed_use,residential,rebuild,1,0.7938000000000001,0.0,11425.793,238.037,14.282,95.215,1143286.6195922133,699.9539808937473
10074,612.327850137914,101.31540990983726,2,0.748,0.93665554402739,mixed_use,residential,demolish,1,0.7938000000000001,0.0,1904.299,0.0,0.0,76.172,133072.19238005253,145.67366207629175
10074,612.327850137914,101.31540990983726,2,0.748,0.93665554402739,mixed_use,residential,defer,1,0.7938000000000001,158760.0,0.0,0.0,0.0,0.0,6200.853650466868,0.0
10075,537.8862518412086,93.0518522065434,4,0.104,0.48091778968296817,mixed_use,residential,repair,1,0.40740000000000004,0.0,2971.191,22.284,1.486,14.856,178430.19325977517,161.15971399436864
10075,537.8862518412086,93.0518522065434,4,0.104,0.48091778968296817,mixed_use,residential,rebuild,1,0.40740000000000004,0.0,8913.574,185.699,11.142,74.28,783581.172099647,509.9045275417549
10075,537.8862518412086,93.0518522065434,4,0.104,0.48091778968296817,mixed_use,residential,demolish,0,0.40740000000000004,0.0,1485.596,0.0,0.0,59.424,92098.81701630843,105.93437649286625
10075,537.8862518412086,93.0518522065434,4,0.104,0.48091778968296817,mixed_use,residential,defer,1,0.40740000000000004,81480.00000000001,0.0,0.0,0.0,0.0,5937.276887421844,0.0
10076,2338.0401147599896,199.54134976630974,5,0.112,0.12656287244236297,mixed_use,commercial,repair,1,0.2922,0.0,14660.699,109.955,7.33,73.303,1151003.3860600258,757.0554108926452
10076,2338.0401147599896,199.54134976630974,5,0.112,0.12656287244236297,mixed_use,commercial,rebuild,1,0.2922,0.0,43982.098,916.294,54.978,366.517,4605907.260250621,2474.636544072102
10076,2338.0401147599896,199.54134976630974,5,0.112,0.12656287244236297,mixed_use,commercial,demolish,0,0.2922,0.0,7330.35,0.0,0.0,293.214,581719.0940707087,426.81997479705916
10076,2338.0401147599896,199.54134976630974,5,0.112,0.12656287244236297,mixed_use,commercial,defer,1,0.2922,58440.0,0.0,0.0,0.0,0.0,27464.663231500883,0.0
10077,9660.967613450866,397.19259539689796,3,0.135,0.8812347313210038,industrial,industrial,repair,1,0.24100000000000002,0.0,46773.766,350.803,23.387,233.869,4115889.817052953,2309.1577390286047
10077,9660.967613450866,397.19259539689796,3,0.135,0.8812347313210038,industrial,industrial,rebuild,1,0.24100000000000002,0.0,140321.298,2923.36,175.402,1169.344,17261869.504945245,7435.214554547433
10077,9660.967613450866,397.19259539689796,3,0.135,0.8812347313210038,industrial,industrial,demolish,0,0.24100000000000002,0.0,23386.883,0.0,0.0,935.475,2067279.0616193549,1321.7943572113795
10077,9660.967613450866,397.19259539689796,3,0.135,0.8812347313210038,industrial,industrial,defer,1,0.24100000000000002,48200.00000000001,0.0,0.0,0.0,0.0,98904.4509631298,0.0
10078,3817.6093999779387,297.8492011759232,1,0.4,1.0,industrial,industrial,repair,1,0.4,0.0,19408.726,145.565,9.704,97.044,1970881.4128850223,1104.132737779454
10078,3817.6093999779387,297.8492011759232,1,0.4,1.0,industrial,industrial,rebuild,1,0.4,0.0,58226.179,1213.045,72.783,485.218,7453942.105751192,3600.2650499862625
10078,3817.6093999779387,297.8492011759232,1,0.4,1.0,industrial,industrial,demolish,0,0.4,0.0,9704.363,0.0,0.0,388.175,994629.5847865462,638.4678940432989
10078,3817.6093999779387,297.8492011759232,1,0.4,1.0,industrial,industrial,defer,1,0.4,80000.0,0.0,0.0,0.0,0.0,38176.09399977939,0.0
10079,2887.5252351448494,221.22289776681367,3,0.073,0.6257487605876202,public,public,repair,1,0.4438,0.0,14657.824,109.934,7.329,73.289,1351592.8146847251,770.8106865688017
10079,2887.5252351448494,221.22289776681367,3,0.073,0.6257487605876202,public,public,rebuild,1,0.4438,0.0,43973.473,916.114,54.967,366.446,5316692.5331009105,2500.9797381135227
10079,2887.5252351448494,221.22289776681367,3,0.073,0.6257487605876202,public,public,demolish,0,0.4438,0.0,7328.912,0.0,0.0,293.156,653097.298913648,449.4762686887121
10079,2887.5252351448494,221.22289776681367,3,0.073,0.6257487605876202,public,public,defer,1,0.4438,88760.0,0.0,0.0,0.0,0.0,31036.57214762346,0.0
10080,250.7636882428773,66.73638015996906,5,0.189,0.0,residential,residential,repair,1,0.47340000000000004,0.0,1696.142,12.721,0.848,8.481,134488.3391781752,99.11361291728599
10080,250.7636882428773,66.73638015996906,5,0.189,0.0,residential,residential,rebuild,1,0.47340000000000004,0.0,5088.425,106.009,6.361,42.404,452063.8091277451,308.9223359857434
10080,250.7636882428773,66.73638015996906,5,0.189,0.0,residential,residential,demolish,0,0.47340000000000004,0.0,848.071,0.0,0.0,33.923,69657.6607208415,79.66467214639385
10080,250.7636882428773,66.73638015996906,5,0.189,0.0,residential,residential,defer,1,0.47340000000000004,94680.00000000001,0.0,0.0,0.0,0.0,3009.164258914527,0.0
10081,4227.076036286944,260.07269726023185,2,0.333,0.5051099984965131,commercial,commercial,repair,1,0.3998,0.0,24990.475,187.429,12.495,124.952,2566544.6392893516,1337.2671675094844
10081,4227.076036286944,260.07269726023185,2,0.333,0.5051099984965131,commercial,commercial,rebuild,1,0.3998,0.0,74971.426,1561.905,93.714,624.762,8795436.278614841,4129.938464087481
10081,4227.076036286944,260.07269726023185,2,0.333,0.5051099984965131,commercial,commercial,demolish,0,0.3998,0.0,12495.238,0.0,0.0,499.81,1103977.9206894,703.3451554483313
10081,4227.076036286944,260.07269726023185,2,0.333,0.5051099984965131,commercial,commercial,defer,1,0.3998,79960.0,0.0,0.0,0.0,0.0,46454.63569477625,0.0
10082,327.4185792256415,76.85639438898701,4,0.21,0.4185087059919347,mixed_use,residential,repair,1,0.47100000000000003,0.0,1952.308,14.642,0.976,9.762,152957.50028311764,115.9741966238962
10082,327.4185792256415,76.85639438898701,4,0.21,0.4185087059919347,mixed_use,residential,rebuild,1,0.47100000000000003,0.0,5856.925,122.019,7.321,48.808,554043.8740135073,353.385229577126
10082,327.4185792256415,76.85639438898701,4,0.21,0.4185087059919347,mixed_use,residential,demolish,0,0.47100000000000003,0.0,976.154,0.0,0.0,39.046,70203.96619502036,88.59928526237252
10082,327.4185792256415,76.85639438898701,4,0.21,0.4185087059919347,mixed_use,residential,defer,1,0.47100000000000003,94200.0,0.0,0.0,0.0,0.0,3654.967898888816,0.0
10083,894.2319163233828,121.57727286102832,1,0.16,0.5787749421455171,mixed_use,residential,repair,1,0.441,0.0,4610.737,34.581,2.305,23.054,328687.1161573313,235.33699281170237
10083,894.2319163233828,121.57727286102832,1,0.16,0.5787749421455171,mixed_use,residential,rebuild,1,0.441,0.0,13832.21,288.171,17.29,115.268,1236497.2736566595,808.2651192417486
10083,894.2319163233828,121.57727286102832,1,0.16,0.5787749421455171,mixed_use,residential,demolish,0,0.441,0.0,2305.368,0.0,0.0,92.215,165675.26525422977,163.79067406757645
10083,894.2319163233828,121.57727286102832,1,0.16,0.5787749421455171,mixed_use,residential,defer,1,0.441,88200.0,0.0,0.0,0.0,0.0,9695.664944611111,0.0
10084,825.6620654332971,115.91229350799111,3,0.206,0.9141310330584534,mixed_use,residential,repair,1,0.4686,0.0,4109.061,30.818,2.055,20.545,296351.2579146209,192.70739524733938
10084,825.6620654332971,115.91229350799111,3,0.206,0.9141310330584534,mixed_use,residential,rebuild,1,0.4686,0.0,12327.182,256.816,15.409,102.727,1189423.0635845766,729.1243928390903
10084,825.6620654332971,115.91229350799111,3,0.206,0.9141310330584534,mixed_use,residential,demolish,0,0.4686,0.0,2054.53,0.0,0.0,82.181,140844.7606886651,140.22732759937253
10084,825.6620654332971,115.91229350799111,3,0.206,0.9141310330584534,mixed_use,residential,defer,1,0.4686,93720.0,0.0,0.0,0.0,0.0,8398.418151536134,0.0
10085,1499.9809662865846,157.75730996714034,4,0.577,0.5961943822858379,commercial,commercial,repair,1,0.5462,0.0,10140.515,76.054,5.07,50.703,1064025.4478860719,525.4426199732085
10085,1499.9809662865846,157.75730996714034,4,0.577,0.5961943822858379,commercial,commercial,rebuild,1,0.5462,0.0,30421.544,633.782,38.027,253.513,3989923.7781907343,1776.7495850169157
10085,1499.9809662865846,157.75730996714034,4,0.577,0.5961943822858379,commercial,commercial,demolish,1,0.5462,0.0,5070.257,0.0,0.0,202.81,501883.8004771925,344.6598142995118
10085,1499.9809662865846,157.75730996714034,4,0.577,0.5961943822858379,commercial,commercial,defer,1,0.5462,109240.0,0.0,0.0,0.0,0.0,16211.211144167528,0.0
10086,427.43150520762026,82.7385352839846,4,0.838,0.32830489588274425,residential,residential,repair,0,0.8627999999999999,0.0,3490.761,26.181,1.745,17.454,260103.28875337192,183.29633100300117
10086,427.43150520762026,82.7385352839846,4,0.838,0.32830489588274425,residential,residential,rebuild,1,0.8627999999999999,0.0,10472.284,218.173,13.09,87.269,1049234.3976183971,624.1312554151361
10086,427.43150520762026,82.7385352839846,4,0.838,0.32830489588274425,residential,residential,demolish,1,0.8627999999999999,0.0,1745.381,0.0,0.0,69.815,142301.9422096475,142.75242818968894
10086,427.43150520762026,82.7385352839846,4,0.838,0.32830489588274425,residential,residential,defer,1,0.8627999999999999,172559.99999999997,0.0,0.0,0.0,0.0,4848.522350863059,0.0
10087,2127.3272480160585,189.77714361635165,1,0.565,0.6255842565001076,historical,cultural,repair,1,0.659,0.0,13209.27,99.07,6.605,66.046,1824413.6236138293,759.2263429234375
10087,2127.3272480160585,189.77714361635165,1,0.565,0.6255842565001076,historical,cultural,rebuild,1,0.659,0.0,39627.81,825.579,49.535,330.232,6518740.693100742,2437.336063173979
10087,2127.3272480160585,189.77714361635165,1,0.565,0.6255842565001076,historical,cultural,demolish,0,0.659,0.0,6604.635,0.0,0.0,264.185,955597.2703060656,479.539465947015
10087,2127.3272480160585,189.77714361635165,1,0.565,0.6255842565001076,historical,cultural,defer,1,0.659,131800.0,0.0,0.0,0.0,0.0,22866.28210662761,0.0
10088,8805.004280250183,375.49530846096786,1,0.386,1.0,industrial,industrial,repair,1,0.39160000000000006,0.0,44461.397,333.46,22.231,222.307,4281520.314975418,2374.0140652851824
10088,8805.004280250183,375.49530846096786,1,0.386,1.0,industrial,industrial,rebuild,1,0.39160000000000006,0.0,133384.192,2778.837,166.73,1111.535,17708621.704550005,7621.31716954179
10088,8805.004280250183,375.49530846096786,1,0.386,1.0,industrial,industrial,demolish,0,0.39160000000000006,0.0,22230.699,0.0,0.0,889.228,2149670.975199125,1339.1694982685017
10088,8805.004280250183,375.49530846096786,1,0.386,1.0,industrial,industrial,defer,1,0.39160000000000006,78320.00000000001,0.0,0.0,0.0,0.0,88050.04280250183,0.0
10089,14410.966379369762,480.2955171990873,2,0.466,0.8601631535552863,industrial,industrial,repair,1,0.4396,0.0,81239.73,609.298,40.62,406.199,7165214.274525417,3413.5980813674278
10089,14410.966379369762,480.2955171990873,2,0.466,0.8601631535552863,industrial,industrial,rebuild,1,0.4396,0.0,243719.191,5077.483,304.649,2030.993,26762817.15405231,10313.529100180695
10089,14410.966379369762,480.2955171990873,2,0.466,0.8601631535552863,industrial,industrial,demolish,0,0.4396,0.0,40619.865,0.0,0.0,1624.795,2741224.007159056,1734.686232443021
10089,14410.966379369762,480.2955171990873,2,0.466,0.8601631535552863,industrial,industrial,defer,1,0.4396,87920.0,0.0,0.0,0.0,0.0,148140.03197912133,0.0
10090,633.5958573982972,106.84654870551017,2,0.206,0.4057210536107313,mixed_use,residential,repair,1,0.4686,0.0,3611.931,27.089,1.806,18.06,258106.62186723854,177.58437920872677
10090,633.5958573982972,106.84654870551017,2,0.206,0.4057210536107313,mixed_use,residential,rebuild,1,0.4686,0.0,10835.793,225.746,13.545,90.298,1051173.5063259054,609.2903957464899
10090,633.5958573982972,106.84654870551017,2,0.206,0.4057210536107313,mixed_use,residential,demolish,0,0.4686,0.0,1805.965,0.0,0.0,72.239,117781.10441451846,127.67549454372681
10090,633.5958573982972,106.84654870551017,2,0.206,0.4057210536107313,mixed_use,residential,defer,1,0.4686,93720.0,0.0,0.0,0.0,0.0,7089.023931125502,0.0
10091,307.5055535505468,74.96950423388134,3,0.293,0.8269604619913548,residential,residential,repair,1,0.5357999999999999,0.0,1648.89,12.367,0.824,8.244,120097.02173599298,106.75296442284218
10091,307.5055535505468,74.96950423388134,3,0.293,0.8269604619913548,residential,residential,rebuild,1,0.5357999999999999,0.0,4946.67,103.056,6.183,41.222,439996.68057083455,305.7622779012184
10091,307.5055535505468,74.96950423388134,3,0.293,0.8269604619913548,residential,residential,demolish,0,0.5357999999999999,0.0,824.445,0.0,0.0,32.978,63370.32603878109,81.29489052542567
10091,307.5055535505468,74.96950423388134,3,0.293,0.8269604619913548,residential,residential,defer,1,0.5357999999999999,107159.99999999999,0.0,0.0,0.0,0.0,3181.4767733484264,0.0
10092,237.75581894189554,62.53594319194839,8,0.539,0.8103789334268156,mixed_use,residential,repair,1,0.6684000000000001,0.0,1610.536,12.079,0.805,8.053,125786.82848111377,117.54577264179568
10092,237.75581894189554,62.53594319194839,8,0.539,0.8103789334268156,mixed_use,residential,rebuild,1,0.6684000000000001,0.0,4831.607,100.658,6.04,40.263,459864.733019506,316.7732403673777
10092,237.75581894189554,62.53594319194839,8,0.539,0.8103789334268156,mixed_use,residential,demolish,1,0.6684000000000001,0.0,805.268,0.0,0.0,32.211,59749.77030992694,95.91505519508655
10092,237.75581894189554,62.53594319194839,8,0.539,0.8103789334268156,mixed_use,residential,defer,1,0.6684000000000001,133680.00000000003,0.0,0.0,0.0,0.0,2467.725213362442,0.0
10093,732.6208141862079,108.47901524505633,2,0.271,0.8945402264498329,historical,cultural,repair,1,0.4826,0.0,3709.371,27.82,1.855,18.547,522873.56452182075,218.98251258799718
10093,732.6208141862079,108.47901524505633,2,0.271,0.8945402264498329,historical,cultural,rebuild,1,0.4826,0.0,11128.114,231.836,13.91,92.734,2061167.7603062694,720.7226657158559
10093,732.6208141862079,108.47901524505633,2,0.271,0.8945402264498329,historical,cultural,demolish,0,0.4826,0.0,1854.686,0.0,0.0,74.187,240705.52806403418,165.37185306747512
10093,732.6208141862079,108.47901524505633,2,0.271,0.8945402264498329,historical,cultural,defer,1,0.4826,96520.0,0.0,0.0,0.0,0.0,7480.732192186512,0.0
10094,799.7414594734933,116.4171680835724,1,0.143,0.9970479429419808,mixed_use,residential,repair,1,0.4308,0.0,3563.952,26.73,1.782,17.82,272932.27891385613,183.7010345821941
10094,799.7414594734933,116.4171680835724,1,0.143,0.9970479429419808,mixed_use,residential,rebuild,1,0.4308,0.0,10691.855,222.747,13.365,89.099,1048858.7896894387,652.4780144404533
10094,799.7414594734933,116.4171680835724,1,0.143,0.9970479429419808,mixed_use,residential,demolish,0,0.4308,0.0,1781.976,0.0,0.0,71.279,144176.5661152727,134.99541061570056
10094,799.7414594734933,116.4171680835724,1,0.143,0.9970479429419808,mixed_use,residential,defer,1,0.4308,86160.0,0.0,0.0,0.0,0.0,8002.136359574991,0.0
10095,545.6032876141078,94.93649571504028,2,0.268,0.8801557487571078,mixed_use,residential,repair,1,0.5058,0.0,2771.588,20.787,1.386,13.858,198595.3838696502,162.42808875770828
10095,545.6032876141078,94.93649571504028,2,0.268,0.8801557487571078,mixed_use,residential,rebuild,1,0.5058,0.0,8314.764,173.224,10.393,69.29,779748.6739935529,471.7890927166949
10095,545.6032876141078,94.93649571504028,2,0.268,0.8801557487571078,mixed_use,residential,demolish,0,0.5058,0.0,1385.794,0.0,0.0,55.432,109344.33222192829,105.47210293210367
10095,545.6032876141078,94.93649571504028,2,0.268,0.8801557487571078,mixed_use,residential,defer,1,0.5058,101160.0,0.0,0.0,0.0,0.0,5586.807711100624,0.0
10096,334.4170867473432,82.68728186598553,3,0.161,1.0,residential,residential,repair,1,0.45660000000000006,0.0,1576.904,11.827,0.788,7.885,108157.3068004807,99.20637754176198
10096,334.4170867473432,82.68728186598553,3,0.161,1.0,residential,residential,rebuild,1,0.45660000000000006,0.0,4730.711,98.556,5.913,39.423,383720.4175439059,265.65082719259783
10096,334.4170867473432,82.68728186598553,3,0.161,1.0,residential,residential,demolish,0,0.45660000000000006,0.0,788.452,0.0,0.0,31.538,50777.554220188176,73.42552363828963
10096,334.4170867473432,82.68728186598553,3,0.161,1.0,residential,residential,defer,1,0.45660000000000006,91320.00000000001,0.0,0.0,0.0,0.0,3344.170867473432,0.0
10097,8041.074869593995,367.22655342602434,1,0.063,1.0,industrial,industrial,repair,1,0.1978,0.0,34214.613,256.61,17.107,171.073,3123378.592327707,1699.8150367390629
10097,8041.074869593995,367.22655342602434,1,0.063,1.0,industrial,industrial,rebuild,1,0.1978,0.0,102643.838,2138.413,128.305,855.365,12677515.183266463,5629.231845311995
10097,8041.074869593995,367.22655342602434,1,0.063,1.0,industrial,industrial,demolish,0,0.1978,0.0,17107.306,0.0,0.0,684.292,1649619.2016117966,1051.9496929192096
10097,8041.074869593995,367.22655342602434,1,0.063,1.0,industrial,industrial,defer,1,0.1978,39560.0,0.0,0.0,0.0,0.0,80410.74869593995,0.0
10098,1845.7252852876536,179.44952902198284,6,0.21,1.0,commercial,commercial,repair,1,0.326,0.0,9560.119,71.701,4.78,47.801,957251.4994916617,474.61400286459514
10098,1845.7252852876536,179.44952902198284,6,0.21,1.0,commercial,commercial,rebuild,1,0.326,0.0,28680.356,597.507,35.85,239.003,3229743.3069947576,1679.836797150005
10098,1845.7252852876536,179.44952902198284,6,0.21,1.0,commercial,commercial,demolish,0,0.326,0.0,4780.059,0.0,0.0,191.202,394690.07433295157,305.48092105907125
10098,1845.7252852876536,179.44952902198284,6,0.21,1.0,commercial,commercial,defer,1,0.326,65200.0,0.0,0.0,0.0,0.0,18457.252852876536,0.0
10099,8009.084460580583,364.3062169519287,1,0.576,1.0,industrial,industrial,repair,1,0.5055999999999999,0.0,44185.799,331.393,22.093,220.929,4486558.900508866,2374.8988753356352
10099,8009.084460580583,364.3062169519287,1,0.576,1.0,industrial,industrial,rebuild,1,0.5055999999999999,0.0,132557.396,2761.612,165.697,1104.645,17976913.896111093,7755.855444994428
10099,8009.084460580583,364.3062169519287,1,0.576,1.0,industrial,industrial,demolish,1,0.5055999999999999,0.0,22092.899,0.0,0.0,883.716,2202244.438672866,1338.0989302117937
10099,8009.084460580583,364.3062169519287,1,0.576,1.0,industrial,industrial,defer,1,0.5055999999999999,101119.99999999999,0.0,0.0,0.0,0.0,80090.84460580583,0.0
10100,1400.2092510088382,151.75810362593066,3,0.166,0.9324125510961463,mixed_use,commercial,repair,1,0.3246,0.0,6777.195,50.829,3.389,33.886,579008.5297670319,345.9345597326824
10100,1400.2092510088382,151.75810362593066,3,0.166,0.9324125510961463,mixed_use,commercial,rebuild,1,0.3246,0.0,20331.586,423.575,25.414,169.43,2229476.472057346,1223.737883225912
10100,1400.2092510088382,151.75810362593066,3,0.166,0.9324125510961463,mixed_use,commercial,demolish,0,0.3246,0.0,3388.598,0.0,0.0,135.544,286356.7691139035,254.31494194574975
10100,1400.2092510088382,151.75810362593066,3,0.166,0.9324125510961463,mixed_use,commercial,defer,1,0.3246,64920.0,0.0,0.0,0.0,0.0,14191.365652502911,0.0
